Word,Count
@,3013
*,2605
#endif,969
the,905
#ifdef,899
,879
+,817
=,680
to,589
if,534
DLOGGING,500
of,444
{,342
},325
define,281
is,274
it,240
for,216
@import,191
DTEST,190
in,190
private,187
a,179
The,179
\"\,"\\,173
or,168
and,165
General,162
Public,162
License,162
GNU,162
feed,158
This,149
@param,148
boolean,145
#define,142
with,138
Expand,137
as,132
Software,129
\"\\,126
(finestLoggable),123
new,121
version,120
this,120
that,118
be,116
RSS,115
@author,113
Free,112
program,110
item,109
*/,108
-,106
we,105
by,105
e);,103
Logger,100
logger,91
can,91
not,91
without,89
String,87
DMIDP20,83
have,81
Get,80
from,78
final,77
public,75
form,75
will,71
command,71
#ifndef,70
If,70
should,68
FOR,68
string,68
ANY,68
list,66
any,64
free,64
later,64
copy,63
DTESTUI,63
A,63
2,62
WITHOUT,61
PARTICULAR,61
either,61
@return,61
FITNESS,61
PURPOSE,61
and/or,61
error,60
//,60
Bunton,60
See,59
but,59
test,59
current,58
more,58
page,58
details,58
items,57
modify,56
even,56
you,56
write,56
#else,55
DSMALLMEM,55
return,55
/*,55
published,54
received,54
\not,\,54
MERCHANTABILITY,54
program;,54
implied,54
Foundation;,54
terms,54
redistribute,54
\Boston,\,54
warranty,54
\useful,\,54
your,54
\Foundation,\,54
software;,54
along,54
\Inc.,\,54
\License,\,54
hope,54
WARRANTY;,54
You,54
MA,54
distributed,54
under,54
USA,54
\330,\,53
while,53
Suite,53
option),53
(at,53
59,53
Temple,53
02111-1307,52
\Place,\,52
void,52
Copyright,51
name,51
);,51
store,51
Tommi,50
OR,49
Error,48
/**,48
logging,48
bookmark,47
DITUNES,47
Laukkanen,47
memory,47
an,46
so,46
==,46
date,45
t);,45
DNOLOGGING,45
get,45
(bDebug),45
(C),44
net.sf.jlogmicro.util.logging.Logger;,44
net.sf.jlogmicro.util.logging.Level;,44
int,43
read,43
instance,43
finestLoggable,42
THE,42
Set,41
feeds,41
0),41
long,41
(fineLoggable),40
import,40
save,40
false;,40
encoding,40
Creates,40
are,39
first,39
all,39
line,38
URL,38
else,37
$,37
logger.isLoggable(Level.FINEST);,36
file,36
protected,35
no,35
catch,35
\logger.severe(ce.getMessage(),\,35
fineLoggable,35
one,35
element,34
Exception,34
|,34
back,34
Initialize,34
Irv,33
into,33
try,33
class,33
http://www.substanceofcode.com,33
Returns,32
null;,32
data,32
position,32
logger.isLoggable(Level.FINE);,32
\"\,\,32
DJSR75,32
@throws,32
>,32
title,31
bookmarks,31
link,30
&&,30
modified,30
on,30
Irving,30
\{logger.finest("\unequal\,29
files,29
constructor,29
!=,29
@see,28
Create,28
System.gc();,28
IN,28
OF,28
selected,27
character,27
2005-2006,27
do,27
parsing,27
using,27
was,27
(non-Javadoc),27
Parse,27
settings,27
view,26
RssItunesFeed,26
DNOTEST,26
if(,25
used,25
executing,25
loading,25
Show,25
Test,25
@version,24
flag,24
UI,24
null),24
HTML,24
MIDP,23
XML,23
text,23
Save,23
next,23
which,23
\Logger.getLogger("\EncodingUtil"\);\,22
Add,22
given,22
unread,22
use,22
TODO,22
mark,22
show,22
has,21
static,21
need,21
help,21
SOFTWARE,21
at,21
convert,21
(finerLoggable),21
),21
Constructor,20
(at),20
Flag,20
add,20
Command,20
including,19
record,19
true;,19
characters,19
parse,19
Read,19
>=,19
fields,19
last,19
description,19
count,18
properties,18
(m_finestLoggable),18
quotation,18
header,18
array,18
may,18
than,18
only,18
key,18
Itunes,17
itunes,17
net.sf.jlogmicro.util.logging.LogManager;,17
some,17
previous,17
index,17
Loading,17
find,17
Open,17
Replace,17
e),17
ic,16
We,16
Form,16
c,16
bytes,16
width,16
them,15
part,15
height,15
object,15
when,15
size,15
logger.isLoggable(Level.FINER);,15
out,15
commands,15
message,15
\size="\\,15
headers,15
Update,15
OPML,15
finerLoggable,15
exception,15
allow,15
end,15
single,15
open,15
\false,\,14
space,14
copies,14
software,14
parser,14
2008,14
OTHER,14
after,14
Josef,14
Cacek,14
(beginMem,14
notice,14
summary,14
change,14
put,14
application,14
attribute,14
screen,14
exit,14
Use,14
t),13
enabled,13
\Command.SCREEN,\,13
@created,13
2008),13
+0200,13
WITH,13
Return,13
windows,13
@public,13
displayed,13
property,13
entities,13
encoded,13
want,13
info,13
Sets,13
entry,13
stored,13
url,13
case,13
Runtime.getRuntime().freeMemory()));,13
$Date:,13
\htmlEnabled,\,13
<,13
\fontSize,\,13
0,13
value,13
-1;,13
special,12
errors,12
start,12
[josef.cacek,12
aKey,12
password,12
paint,12
\System.out.println("\###\,12
ex);,12
\null,\,12
2007,12
(Throwable,12
run,12
#elifdef,12
sorted,12
found,12
beginMem,12
||,12
ibuntonjr,12
it's,12
enclosure,12
atlas.cz],12
Moves,12
finished,12
True,12
$Revision:,12
Runtime.getRuntime().freeMemory();,12
true,12
buffer,12
book,12
currently,12
$Author:,12
May,11
m_date);},11
items..,11
(null,11
DCLDCV11,11
DNOITUNES,11
values,11
earlier,11
getting,11
DNOJSR75,11
strings,11
m_itemNext,11
thread,11
Internal,11
\27,\,11
midlet,11
subtitle,11
double,11
there,11
Allow,11
set,11
display,11
System.currentTimeMillis();,11
load,11
m_author,11
\true,\,11
redirect,10
method,10
0;,10
Todd,10
DNOTESTUI,10
setCurrent(,10
m_logger.isLoggable(Level.FINEST);,10
0L;,10
m_logger.isLoggable(Level.FINE);,10
C,10
rss,10
they,10
m_logger,10
give,10
byte,10
t.getMessage());,10
MIDlet,10
left,10
must,10
System.out.println(,10
m_fineLoggable,10
ui,10
\url,\,10
update,10
dash,10
m_finestLoggable,10
author,10
t.printStackTrace();,10
font,10
resource,10
existing,10
same,10
Check,10
Could,10
char,10
\"\"\;\,9
replace,9
root,9
chars,9
Image,9
UI's,9
saving,9
Sort,9
UTF-8,9
DCOMPATIBILITY1,9
\name,\,9
max,9
\so,\,9
nodes,9
following,9
contains,9
above,9
MARK,9
sort,9
\"\|"\\,9
(e.g,9
\m_url,\,9
Memory,9
Jul,9
Determine,9
@},9
don't,9
image,9
field,9
m_explicit,9
ahead,9
go,9
\started"\);\,9
CONE);,8
feed's,8
region,8
Key,8
right,8
(hasPipe),8
LATIN,8
Copy,8
@package,8
up,8
auto,8
this));,8
does,8
Tomï¿½,8
QUOTATION,8
\logger.severe("\KFileSelectorImpl\,8
\displayDtlForm.append(getTextItem(pageEnabled,\,8
\displayDtlForm,\,8
default,8
create,8
m_subtitle,8
KFileSelector,8
+=,8
displayable,8
beginning,8
noticy,8
seznam.cz],8
explicit,8
null,8
exceptions,8
Darmovzal,8
specified,8
m_summary,8
content,8
(Romain),8
Hashtable,8
RssItem,8
DCOMPATIBILITY2,8
what,8
\dates="\\,8
[tomas.darmovzal,8
aWidth,8
Of,8
'|');,8
Feed,8
m_itunes,8
testing,8
\System.out.println("\Test\,8
Draw,8
(Exception,8
&,8
currentRoot,8
16,8
handling,8
\Software,\,7
Class,7
1.0,7
time,7
deal,7
documentation,7
tag,7
(the,7
\"\Software"\),\,7
check,7
AUTHORS,7
\granted,\,7
Split,7
Alert,7
Import,7
USE,7
\Logger.getLogger("\RssFormatParser"\);\,7
TORT,7
system,7
base,7
\publish,\,7
\form,\,7
Respond,7
Unicode,7
CONNECTION,7
optional,7
com.substanceofcode.testlcdui.Form;,7
RSSBookmark,7
\copy,\,7
empty,7
\distribute,\,7
LETTER,7
NOT,7
make,7
username,7
ARISING,7
whom,7
doing,7
originally,7
added,7
main,7
furnished,7
box,7
subject,7
\25,\,7
\use,\,7
EXPRESS,7
contain,7
persons,7
\charge,\,7
then,7
\FROM,\,7
DCOMPATIBILITY,7
PROVIDED,7
AND,7
DAMAGES,7
xml,7
rights,7
conditions:,7
opening,7
EVENT,7
obtaining,7
\Stellanova,\,7
Permission,7
SHALL,7
\MERCHANTABILITY,\,7
HOLDERS,7
LIABLE,7
WARRANTIES,7
now,7
RssReaderMIDlet,7
\modify,\,7
INCLUDING,7
\sublicense,\,7
\Logger.getLogger("\UiUtil"\);\,7
Handle,7
RssItunesItem,7
\CLAIM,\,7
limitation,7
(or,7
know,7
us,7
permit,7
WHETHER,7
code,7
\CONTRACT,\,7
\KIND,\,7
converting,7
reading,7
Append,7
\"\AS\,7
rawthought,7
log,7
copyright,7
remove,7
Mark,7
adds,7
\IMPLIED,\,7
\m_logger.severe("\constructor\,7
COPYRIGHT,7
shall,7
Record,7
ex:,7
NONINFRINGEMENT,7
WARRANTY,7
person,7
(c),7
2001-2005,7
Sept,7
associated,7
AN,7
encode,7
sell,7
done,7
\IS"\,\,7
hereby,7
\LIABILITY,\,7
included,7
\OTHERWISE,\,7
\title,\,7
@input,7
substantial,7
TO,7
\prologue,\,7
account,7
\merge,\,7
edit,7
BE,7
DEALINGS,7
BUT,7
IS,7
\finished"\);\,7
NO,7
LIMITED,7
Sorting,7
portions,7
actual,7
\restriction,\,7
permission,7
OUT,7
ACTION,7
org.kablog.kgui;,7
934,6
throw,6
\logger.severe(cex.getMessage(),\,6
status,6
handler,6
\Logger.getLogger("\RssItem"\);\,6
percentige,6
false);,6
style,6
std,6
based,6
selected:,6
Jr,6
Cancel,6
Put,6
m_newsIndex,6
2008-07-15,6
\ISO8859_1,\,6
\"\feeds:\,6
(hex),6
Go,6
\from,to"\\,6
choice,6
regular,6
\logger.severe("\handleOpen\,6
prev,6
here,6
aHeight,6
DCOMPATIBILITY3,6
active,6
\(Di,\,6
possible,6
vector,6
standard,6
startIndex,6
control,6
going,6
com.substanceofcode.testlcdui.StringItem;,6
cex);,6
23:33:20,6
ResourceProviderME,6
m_newsNext,6
break;,6
toString,6
instanceof,6
collection,6
(m_headerIndex,6
Rss,6
Init,6
\name="\\,6
updated,6
en,6
Main,6
Alert(,6
already,6
m_testNews,6
2007-2008,6
15,6
request,6
e2);,6
roots,6
com.substanceofcode.testlcdui.List;,6
\Logger.getLogger("\RssItunesFeed"\);\,6
Original,6
HttpConnection,6
handle,6
work,6
low-9,6
ebook,6
lngStart,6
\logger.severe("\cannot\,6
valid,6
DREGULARMEM,6
Updating,6
Base64,6
prevStore,6
Since,6
access,6
doc,6
could,6
aLine,6
functionality,5
\logger.severe("\openSelected\,5
since,5
(IOException,5
equivalent,5
\link,\,5
min,5
Out,5
true);,5
month,5
2nd,5
DMIDP10,5
02,5
splitTime,5
prompt,5
actions,5
int),5
showing,5
Convert,5
other,5
language,5
m_headerNext,5
Clear,5
database,5
type,5
Enumeration,5
compatibility,5
we're,5
error.:\n,5
2008-08-02,5
changed,5
One,5
szMimeType,5
\"\"\\,5
m_headerIndex,5
Find,5
Display,5
etc,5
user,5
return;,5
m_testEncCmd,5
before,5
(m_newsIndex,5
m_language,5
action,5
being,5
SINGLE,5
UTF-16,5
Don't,5
SMALL,5
Start,5
returned,5
@//,5
jar,5
messages,5
\{m_logger.finest("\unequal\,5
prevList));,5
Index,5
inner,5
Deserialize,5
getInstance,5
Date,5
System.currentTimeMillis(),5
color,5
View,5
Compare,5
ce);,5
feedEq,5
Log,5
HelpForm,5
i,5
like,5
javax.microedition.lcdui.Displayable#hideNotify(),5
\(Sa,\,5
row,5
\System.out.println("\KFileSelectorFactory\,5
Aug,5
(m_itunes),5
supported,5
these,5
:,5
multiple,5
(String),5
importing,5
news,5
least,5
m_logger.isLoggable(Level.FINER);,5
\Common.debug("\emptyPage()\,5
1,5
\m_itemForm,\,5
too,5
For,5
m_finerLoggable,5
debug,5
\m_itemForm.append(getTextItem(pageEnabled,\,5
m_itemForm,5
Need,5
another,4
devices,4
function,4
called,4
super.size()),4
3,4
backward,4
joinTime);,4
4,4
\initialize."\,\,4
classes,4
Displayable,4
\logger.severe("\Error\,4
second,4
Atom,4
Fix,4
well,4
\Common.debug("\fillPage()\,4
Delete,4
match,4
(RssItunesFeed)m_rssFeeds.get(,4
\"\Unsupported\,4
because,4
maximum,4
itunes;,4
TextField,4
\'"\\,4
CLDC,4
\quote,\,4
rid,4
\selectedFile,\,4
\splitTime,\,4
commandAction,4
Node,4
on:\n,4
ioEx),4
displayAllRoots();,4
item.m_date,4
com.substanceofcode.testlcdui.TextField;,4
String[],4
object:,4
\Logger.getLogger("\KFileSelectorImpl"\);\,4
word,4
Only,4
decode,4
\logger.fine("\obj,fineLoggable="\\,4
parser.getText();,4
@{,4
\Thread(this,\,4
Do,4
Run,4
\Common.debug("\fwdLine()\,4
ID,4
diagnostics,4
duration,4
m_title);},4
No,4
On,4
Reads,4
web,4
feed.m_date,4
KViewParent,4
namespace,4
\size,\,4
DCLDCV10,4
Give,4
bm,4
value);},4
aPerc,4
keep,4
m_description);},4
currentRoot),4
links,4
UnsupportedEncodingException,4
\nOut,4
background,4
preferred,4
commandType,4
Store,4
place,4
byte[],4
\logger.severe("\load\,4
m_newsLen,4
original,4
2.0,4
XmlParser,4
\logger.severe("\initIsoEncoding\,4
Simple,4
(int,4
\links,\,4
label,4
\"\Security\,4
internal,4
length,4
Some,4
also,4
loading/parsing,4
\this,\,4
DOUBLE,4
resources,4
Jiri,4
this.m_itunes,4
RssFeedStore,4
First,4
m_language);},4
(m_debugTrace),4
during,4
m_testSaveBookmarks,4
CAPITAL,4
between,4
bugs,4
support,4
\time="\\,4
converted,4
priority,4
utf-16,4
format,4
@/**,4
aLabel,4
redirected,4
bm2,4
Remove,4
aFrmWidth,4
bug,4
\logger.severe("\catch\,4
about,4
storing,4
Insert,4
aPos,4
CARON,4
(FileConnection),4
\defaultDir,\,4
aMidlet,4
\logger.severe("\FeedListParser.run():\,4
lngStart;,4
paste,4
passed,4
append,4
\System.err.println("\###\,4
ic++),4
fileDataBlock,4
authentication,4
midlet;,4
fileEncoding,4
interface,4
Windows,4
\midlet,\,4
m_author);},4
\Logger.getLogger("\View"\);\,4
alert,4
m_summary);},4
data..,4
bookmark's,4
group,4
\"\string\,4
small,4
Bartos,4
\Logger.getLogger("\RssItunesItem"\);\,4
ones,4
Scrolls,4
scrolling,4
\super.outputCmdAct(c,\,4
Last,4
numeric,4
ex),4
compatible,4
newInst,4
whatever,4
common,4
BOM,4
icons,4
\encodeTime,\,4
J2ME,4
\docEncoding,\,4
Join,4
joinTime,4
full,4
identified,4
\dateString,\,4
TODO:,4
\initConvWinUni"\,\,4
encodeTime,4
J2SE,4
point,4
fineLoggable);,4
javax.microedition.lcdui.*;,4
AlertType.ERROR);,4
beginStore,4
com.substanceofcode.testlcdui.TextBox;,4
stores,4
finestLoggable);,4
itunesEnabled,3
release,3
uninitialized,3
Default,3
\fineLoggable,\,3
Exceptions,3
Edit,3
pipe,3
Stellanova,3
\logger.info("\RssReaderMIDlet\,3
1252,3
Display.getDisplay(midlet).setCurrent(,3
addPromptCommand,3
m_duration,3
target,3
'>',3
m_clearDebugCmd,3
serializeItems,3
\,m_testBMCmd,\,3
Used,3
\{logger.finest("\set\,3
(m_itunesEnabled,3
\nInternal,3
pageEnabled,3
table,3
PageMgr,3
m_link);},3
\{logger.finest("\m_language="\\,3
\logger.severe("\itunes\,3
FileConnection,3
prologue,3
\{logger.fine("\responce\,3
title;,3
\date,\,3
\i="\\,3
continue,3
CustomItem,3
turned,3
Database,3
ready,3
cancelCmd,3
i);,3
those,3
bufferOffset,3
m_explicit);},3
dates,3
\&#8220;,\,3
rtnImage,3
line);,3
HMTL,3
actually,3
finally,3
m_testImportCmd,3
cannot,3
Exit,3
both,3
(eg,3
author;,3
interested,3
\last"\);\,3
m_debug,3
name);},3
\modified,\,3
Given,3
(in,3
FILE_SEPARATOR,3
region);},3
\logger.fine("\obj,finestLoggable="\\,3
Name,3
iTunes,3
\line="\\,3
&#8221;,3
\UTF-16,\,3
\error."\,\,3
\&#8217;,\,3
displayCurrentRoot();,3
day,3
\System.out.println("\===\,3
security,3
updating,3
len,3
\used,\,3
server,3
Connector.open(,3
headers/items,3
AlertType.WARNING);,3
&#8216;,3
(m_debug,3
conversion,3
looking,3
FILE_IMAGE;,3
override,3
org.kablog.kgui.KFileSelectorMgr;,3
stream,3
Settings,3
encodings,3
false,3
format:,3
priority);,3
vectors,3
invalidAlert,3
AllNewsList,3
loaded,3
quote,3
ISO,3
(m_author.length(),3
information,3
methods,3
\problem"\,\,3
Place,3
entries,3
\{logger.finer("\Parsing\,3
lists,3
compact,3
below,3
text);},3
HTTP,3
extends,3
(m_display.getCurrent(),3
bookmarks),3
\logger.finest("\parsingElementData="\\,3
saveHdr,3
stings,3
failed,3
albel,3
(!m_itunes),3
\logger.severe("\Out\,3
Serialize,3
\storeString,\,3
0)),3
\enabled,\,3
desc,3
\m_testRtnCmd,\,3
\value,\,3
Language,3
parser.getText(m_convXmlEnts);,3
bookmarkList,3
thing,3
RssItunesFeed(,3
\"\Feed\,3
KFileSelectorImpl();,3
words,3
aKey),3
consist,3
this);,3
gauge,3
initialization,3
1.1,3
These,3
FILE_SEPARATOR_ALT,3
\tag"\);}\,3
selectedURL,3
parsingElementData);,3
Notify,3
Due,3
Load,3
(m_fineLoggable),3
\settings,\,3
deserialize,3
loop,3
m_bookmarkList.setSelectedIndex(,3
shows,3
\"\]"\);\,3
exiting,3
this.midlet,3
m_bookmarkIndex,3
quit,3
javax.microedition.lcdui.Displayable#paint(javax.microedition.lcdui.Graphics),3
alternate,3
RssFeed,3
nrss,3
tags,3
\RssStoreInfo(name,\,3
receiving,3
invalidAlert.setTimeout(Alert.FOREVER);,3
returns,3
m_headerTestList.size()),3
process,3
javax.microedition.midlet.*;,3
imgOpenEx);,3
address,3
StringBuffer,3
0x80,3
\feed.getStoreString(true,\,3
0x9f,3
(midlet,3
\m_logger.severe("\FeedListParser.run():\,3
(m_itunes);,3
(elements,3
imported,3
setViewParent(KViewParent,3
4);,3
rootName,3
except,3
openSelected,3
Fill,3
javax.microedition.lcdui.Displayable#keyPressed(int),3
Manage,3
firstSettings,3
\"\Find\,3
pos,3
\width,\,3
callback,3
availSize,3
(IllegalArgumentException,3
em,3
necessary,3
controller,3
feed..,3
storeTime);,3
hasPipe,3
modification,3
wakeup,3
aY,3
null);,3
aX,3
fileSelectorView,3
OutOfMemoryError,3
m_getTestImportForm,3
wakeUp();,3
RssStoreInfo,3
fills,3
reader,3
array),3
goes,3
way,3
http://code.google.com/p/mobile-rss-reader/,3
where,3
\,null\,3
itemSelected,3
In,3
Thread,3
\{logger.finest("\new\,3
url:,3
\Logger.getLogger("\Settings"\);\,3
file:,3
succesfull,3
thumbImage,3
\Also,\,3
\estimateHeight,\,3
displayDtlForm,3
unreadItem,3
KFileSelectorImpl,3
forward,3
com.substanceofcode.testlcdui.ChoiceGroup;,3
5;,3
m_title,3
javax.microedition.lcdui.Displayable#keyRepeated(int),3
bookmarks.append(OLD_FEED_SEPARATOR);,3
serialize,3
Implementation,3
little,3
OK/Cancel,3
m_description,3
\0,\,3
stop,3
9);,3
RecordStore,3
umlauts,3
EncodingUtil,3
extra,3
emulator,3
){,3
entity,3
\javax.microedition.lcdui.CommandListener#commandAction(javax.microedition.lcdui.Command,\,3
\finerLoggable,\,3
\Bunton,\,3
application's,3
networking,3
1]));},3
selectedFile;,3
\Common.debug("\Key\,3
uni,3
client,3
DCOMPATIBILITY12,3
\javax.microedition.lcdui.Displayable#pointerPressed(int,\,3
category,3
problem,3
m_inputStream,3
SIGN,3
their,3
Debug,3
GET,3
looping,3
\HTML,\,3
backwards,3
were,3
\{logger.finest("\scrollThread\,3
setting,3
two,3
\System.out.println("\---\,3
\String...,encoding\,3
\{logger.finest("\m_description="\\,3
I,3
UiUtil.getImage(iconDir,3
Debugging,3
\value="\\,3
\logger.severe(ce2.getMessage(),\,3
GUI,3
percents,3
Write,3
\invalidAlert,\,3
m_getFile,3
\prolog,\,2
\super.outputCmdAct(command,\,2
cp-1252,2
selectedURL);,2
sfdate,2
patterns,2
S,2
Z,2
\recordExcForm("\Error\,2
prologe,2
s,2
t,2
serializaion/deserialization,2
html,2
rootsList,2
\logger.severe("\parseRssFeedUrl\,2
June,2
call,2
currentSettings,2
Integer.toHexString(ntext[jc,2
packager,2
lightweight,2
\Common.debug("\estimateHeight()\,2
required,2
((data,2
Site,2
\,m_importCurrFeedListCmd\,2
deleteRecordStore,2
(c,2
\constructor"\,\,2
Jonasson,2
\{logger.finest("\Forward\,2
Size,2
\,null,\,2
aKey);,2
\aFrmWidth,\,2
\logger.severe("\Could\,2
1),2
\1,\,2
encountered,2
Basic,2
1;,2
clipboard,2
2;,2
1],2
3;,2
m_unreadItem);},2
4;,2
m_bookmarkDetailsCmd,2
treat,2
explicit;,2
http,2
complete,2
selection,2
digits),2
(summary.length(),2
@implements,2
document's,2
m_splitTime,2
running,2
16));,2
\started."\);}\,2
DC,2
this.m_link,2
\{logger.finest("\name="\\,2
kablog-j2me,2
]);},2
OE,2
PageImpl,2
PM,2
Wait),2
Must,2
\aPrev,\,2
To,2
doCleanup();,2
nodes[startIndex,2
(Romain,2
includes,2
infinate,2
\["\\,2
[],2
\System.out.println("\MFS\,2
null));,2
OOM,2
reset,2
m_encodeTime,2
indexes,2
\{logger.finest("\saveHdr,serializeItems,encoded="\\,2
\aText,\,2
Scroll,2
\{logger.fine("\openSelected\,2
this.m_subtitle,2
e;,2
New,2
'\0',2
further,2
feed.m_password,2
\visible,\,2
getFileData();,2
EXPLICIT,2
updFeed,2
moves,2
(cp-1252),2
\s,\,2
setCurrent(m_itemForm);,2
Added,2
\"\'"\);\,2
severe,2
link;,2
aWhat,2
Rolls,2
m_title;,2
\ISO-8859-1"\,\,2
'\b',2
endian,2
(checkNameSpaces.length,2
'\f',2
creating,2
'\n',2
\itunes,\,2
convTable.length);,2
'\r',2
}catch(Throwable,2
m_debug.addCommand(,2
'\t',2
RssFeedParser,2
(author.length(),2
Calculate,2
Value,2
After,2
this.m_date,2
needs,2
alphabetic,2
Max,2
\ISO8859_1"\);\,2
foreground,2
pressed,2
\logger.severe("\replaceNumEntity\,2
newView,2
ChoiceGroup,2
immediately,2
(newInst);,2
nodes[AUTHOR];,2
cbuf,2
selectedFile),2
this.m_explicit,2
sImOnA,2
phones,2
m_date,2
'a':,2
\character,\,2
\{logger.finest("\m_summary="\\,2
LEFT,2
c);,2
maxItemCount,2
ITUNES,2
EncodingStreamReader,2
item.getLabel(),2
from..,2
(m_itemNext,2
m_testBMCmd,2
\"\convTable.length="\\,2
wake,2
ilen);},2
LIGATURE,2
bad,2
\any,\,2
Account,2
\"\Author:"\,\,2
substitution,2
bm1,2
HTMLAutoLinkParser,2
reqSetVisible(Displayable,2
\nodes="\\,2
Maximum,2
Exiting,2
game,2
'\001',2
parameters,2
saved,2
'\002',2
'\003',2
MAX_REGIONS,2
\ISO-8859-1"\);\,2
'\004',2
'\005',2
\item.m_title,this="\\,2
'\006',2
\phone."\,\,2
cmd,2
'\007',2
feedEq2,2
feedEq;,2
scrollThread,2
clear,2
\Cp1252"\,\,2
m_testingForm,2
Starting,2
\selected."\,\,2
\data"\,\,2
trace,2
input,2
retrieve,2
Cleanup,2
\"\null"\\,2
capable/enabled,2
did,2
notify,2
'\013',2
(Osvaldo),2
testui,2
'\016',2
kThread,2
substitute,2
Croce,2
06:46:09,2
Reset,2
storeTime,2
\m_author.replace(CONE,\,2
\logger,\,2
(actual,2
PageMgr.java,2
\m_subtitle.replace('|',\,2
connection.setRequestProperty(,2
filter,2
added),2
\item.m_unreadItem,this="\\,2
cchr,2
listOfFiles.nextElement();,2
\m_author.replace('|',\,2
oom),2
\aFrmHeight,\,2
\("\+tmpResult+"\)"\);\,2
aquiring,2
this.m_author,2
far,2
\{logger.finest("\startIndex,nodes.length,first\,2
DAGGER,2
feed.getName());,2
few,2
\logger.severe(e.getMessage(),\,2
fix,2
10);,2
feed.isItunes()),2
year,2
deferred,2
txtFld;,2
KFileSelectorMgr,2
iso-8859-1,2
starts,2
started,2
1073,2
m_midlet.setCurrent(,2
unencoded,2
\"\Subtitle:"\,\,2
item's,2
ntext[jc,2
Going,2
m_netThread,2
logged,2
encoding);},2
SUMMARY,2
m_headerTestList,2
Page,2
super.setTitle(title);,2
\element,\,2
m_bookmarkLastIndex,2
\,m_testSaveCommand\,2
repaint,2
atom,2
getFileMimeType();,2
eIrOcA,2
equivalents,2
c.getLabel());},2
itemsEncoded,2
encodeTime;,2
\{logger.finer("\Body\,2
range,2
\+"\,"\\,2
usually,2
hi0,2
(System.currentTimeMillis()-lngStart));,2
converted),2
\feed."\,\,2
DNOCOMPAT,2
\m_subtitle.replace(CONE,\,2
pageHeight,2
logLevel,2
nodes[,2
m_BMFileCmd,2
nodes[SUBTITLE];,2
listOfFiles,2
viewScrollBar);},2
DASH,2
We've,2
loadForm,2
\BOM,\,2
(m_bookmarkIndex,2
dash),2
SUBTITLE,2
iconDir),2
initializeDetailsForm(,2
super.size()>0,2
java.io.*;,2
User,2
super.addCommand(,2
(don't,2
\it,\,2
(explicit.length(),2
\m_summary.replace(CONE,\,2
initial,2
data),2
commandAction(Command,2
parent,2
directory,2
date;,2
m_link,2
\logger.severe("\Cannot\,2
implementations,2
utility,2
m_debugTrace,2
connection,2
com.substanceofcode.rssreader.presentation.RssReaderMIDlet;,2
\{logger.fine("\Thread\,2
this.m_title,2
something,2
childFinished(KViewChild,2
height);,2
'<a',2
m_subtitle);},2
HTMLLinkParser,2
m_backCommand,2
RssItunesFeed(new,2
m_fileEncoding,2
m_testRtnCmd,2
redirection,2
50K),2
Send,2
Singleton,2
(insert),2
RssFeedReaderSettings,2
directories,2
m_bookmarkList);,2
\{logger.finer("\tagname:\,2
\headers,\,2
\,logger\,2
feeds..,2
bookmark..,2
encoded);},2
nodes[EXPLICIT];,2
'l':,2
super.deleteAll();,2
calendar,2
FOLDER_IMAGE);,2
catch(IOException,2
intializing,2
let,2
sometimes,2
hyper,2
\subtitle,\,2
subtitle;,2
new/edit,2
(m_convXmlEnts),2
lo0,2
getInstance(),2
(listOfFiles.hasMoreElements()),2
wrong,2
RssFeed(,2
\,finerLoggable\,2
RssItunesFeed.deserialize(,2
txtFrm;,2
m_bookmarkList.size()),2
composed,2
m_testSaveCommand,2
sep_alt:,2
\logger.severe("\parseStdDate\,2
SETTINGS_VERS,2
rows,2
fileBuffer,2
constructPath(String),2
m_importCurrFeedListCmd,2
others,2
mod,2
\System.out.println("\RssItunesFeed\,2
\values,\,2
AlertType,2
Displays,2
white,2
close,2
\,fineLoggable\,2
expLabel,2
currentFile,2
selector,2
encoded);,2
aHeight);},2
integer,2
(System.currentTimeMillis(),2
Vector,2
curShortName,2
\substitution,\,2
off,2
if/when,2
link);},2
m_fc,2
java.util.Vector;,2
simulate,2
List.IMPLICIT);,2
\unicode,\,2
namespaces,2
m_curRssParser.getRssFeed();,2
\{logger.finest("\m_author="\\,2
\(Mi,\,2
m_itunesEnabled);},2
Indicate,2
InputStream,2
\{logger.finest("\paint\,2
latestSettings,2
Base,2
per,2
javax.microedition.lcdui.List.SELECT_COMMAND);,2
\m_summary.replace('|',\,2
\System.out.println("\RssReaderMIDlet\,2
\user."\,\,2
needed,2
url);,2
Joined,2
\{logger.finest("\nodes.length="\\,2
OMPL,2
Unread,2
output,2
\currentRoot.getURL(),\,2
releaseMemory,2
\{logger.finest("\value="\\,2
custom,2
saveItems,2
Back,2
store2b,2
made,2
displayable);,2
RIGHT,2
\{logger.finest("\m_date="\\,2
\classes),\,2
Dencode,2
Also,2
s);,2
response,2
formatted,2
\logger.severe("\KFileSelectorFactory\,2
selectedFile,2
(this,2
capable,2
defaults,2
Runnable,2
javax.microedition.midlet.MIDlet;,2
commandAction(,2
splitTime;,2
versions,2
m_urlRrnForm,2
m_password);},2
\m_bookmarkList.getSelectedIndex(),\,2
\aUnderlinedStyle,\,2
include,2
1st,2
\logger.severe("\Unable\,2
(name),2
\2003,\,2
Object,2
\{logger.finest("\m_initialized="\\,2
UTF-8/16,2
feed.getDate();,2
convXmlEnts,2
Number,2
m_debugCmd,2
\"\Summary:"\,\,2
pwidth,2
\logger.severe("\UnsupportedEncodingException\,2
Osvaldo),2
exists,2
(m_bookmarkList.getSelectedIndex(),2
m_itunesNamespace,2
2008-07-16,2
forms,2
\,Logger\,2
currentRoot.getPath(),2
sub,2
throws,2
Integer.toHexString(cchr),2
\ISO8859_1"\,\,2
displayDbgMsg(String,2
\{logger.fine("\---\,2
ITunes,2
implements,2
counting,2
decide,2
javax.microedition.lcdui.Command;,2
them),2
\Logger.getLogger("\ResourceProviderME"\);\,2
unexpected,2
\logger.severe("\Constructor\,2
((TextField)item).getString());},2
nodes.length);},2
(JSR-75),2
restore,2
encoded),2
((ChoiceGroup)item).getSelectedIndex());},2
aNewPosition,2
\logger.severe("\---\,2
Runtime.getRuntime().freeMemory());,2
RSSReader,2
alter,2
\m_backCommand,\,2
continue;,2
pageHeight);},2
\isHtml,\,2
shown,2
m_joinTime,2
\,finestLoggable\,2
Properties,2
run(),2
item.m_unreadItem,2
uses,2
\{logger.finest("\draw\,2
transformed,2
initiating,2
lngkey,2
\logger.severe("\hasIso8859Encoding\,2
&quot;),2
name2,2
fdate,2
iTunesCapable,2
\region="\\,2
RecordStoreException,2
Method,2
cause,2
\{logger.finest("\feed1,2\,2
childStatusChanged(KViewChild,2
m_testClearCmd,2
Label,2
fetch,2
simi-equivalents,2
\m_logger.severe("\init\,2
path,2
\Logger.getLogger("\RssReaderMIDlet"\);\,2
offset,2
2006-2008,2
\17,\,2
addDeferredAction(Runnable,2
\m_bookmarkIndex="\\,2
Doc,2
tagName);},2
&amp;,2
\super.append(currentFile,\,2
node,2
nodes[SUMMARY];,2
m_duration);},2
form..,2
(roots.hasMoreElements()),2
boolean),2
edited,2
(m_headerTestList,2
becomes,2
Example,2
page),2
this.m_summary,2
(java.lang.OutOfMemoryError,2
normal,2
pubDate,2
Month,2
Day,2
{if,2
fname,2
several,2
System.out.println(ce.getMessage());,2
getThumbnail(int,2
Dublin,2
completion,2
vers,2
\'|',\,2
\"\Internal\,2
is.close();,2
1);,2
\logger.severe("\Itunes\,2
storeString);,2
\m_docEncoding,\,2
summary;,2
\summary,\,2
\feed.m_password,this="\\,2
Parsing,2
\encoding,\,2
nodes.length,2
each,2
\logger.severe("\IOException\,2
\"\="\\,2
\RECORD_STORE_NAME,\,2
Form),2
effectively,2
Beginning,2
status);,2
m_logLevelField,2
\logger.severe("\getTextStream\,2
\"\No\,2
Make,2
child's,2
\unread,\,2
\Common.debug("\bckLine()\,2
separator,2
m_initialized);},2
m_fileRtnForm);,2
help..,2
selectedFile);,2
\ScrollThread("\scrollThread"\);\,2
\{logger.finest("\m_title="\\,2
allocated,2
AUTHOR,2
\Logger.getLogger("\RssFeedStore"\);\,2
Quit,2
delete,2
somehow,2
\aFontSize,\,2
\Otherwise,\,2
KViewChild,2
\"\JSR-75\,2
Separator,2
0);,2
delay,2
(eNrIcO,2
\,m_testClearCmd\,2
line);},2
splitted,2
\len="\\,2
8859,2
\back."\);}\,2
<gosta(at)brothas.net>,2
filePatterns,2
Retrying,2
FILE_IMAGE);,2
separate,2
javax.microedition.lcdui.CommandListener;,2
item.m_title,2
\region,vers,firstSettings,itunescapable,latestSettings,itemsEncoded,storeDate="\\,2
Burzio),2
(disp,2
When,2
refused,2
processing,2
definately,2
From,2
&amp;quot;,2
TITLE,2
net.sf.jlogmicro.util.logging.FormHandler;,2
kXML,2
Splitted,2
(byte)Integer.parseInt(explicit);,2
\{logger.finer("\text="\\,2
Expected,2
\error."\\,2
lastHeight);},2
ends,2
bookmarks.append(prevStore);,2
\Logger.getLogger("\HTMLParser"\);\,2
'<',2
currentRoot.getName();,2
ruined,2
(changeType,2
Unsupported,2
listed,2
ANGLE,2
Left,2
(subtitle.length(),2
level,2
System.out.println(ce2.getMessage());,2
Connector.READ);,2
logger.severe(method,2
itunesCapable,2
\"\RssReaderMIDlet"\);\,2
basic,2
\sometimes,\,2
\failed"\);\,2
(could,2
));,2
super.setCommandListener(this);,2
\m_itunesEnabled="\\,2
\msg,\,2
reads,2
\m_logger.severe("\Invalid\,2
\m_loadForm.appendMsg("\Save\,2
always,2
\thread."\,\,2
All,2
(link.length(),2
javax.microedition.lcdui.Display;,2
\"\If-Modified-Since"\,\,2
instead,2
\m_logger.severe("\parseFeeds\,2
{currentRoot.close();},2
URLs,2
\"\/"\;\,2
joinTime),2
sep:,2
\"\'"\);}\,2
(and,2
joinTime;,2
Created,2
\author,\,2
alpha,2
together,2
hang,2
ioEx);,2
javax.microedition.lcdui.Displayable;,2
javax.microedition.lcdui.Displayable),2
Process,2
RssFormatParser,2
m_bookmarkList,2
\logger.severe("\RssReaderMIDlet\,2
\child,\,2
problems,2
denied,2
reqFindFiles(,2
\m_logger.severe("\read\,2
labelPageHeight,2
LOW-9,2
m_importFileCmd,2
(but,2
\aWidth,aHeight="\\,2
until,2
\nodes[ITUNES].equals("\1"\);\,2
availSize);,2
bound,2
m_fileEncoding);,2
Enumerations,2
\{logger.fine("\save\,2
feed.getLink();,2
parms,2
topic,2
(which,2
=======,2
\enabled"\,\,2
(viewParent,2
Line,2
elen,2
\statusType,\,2
originals,2
\,m_debugCmd\,2
parent.childFinished(this);,2
publication,2
List,2
bCurFolderIsARoot,2
\System.out.println("\storeTime="\\,2
com.substanceofcode.rssreader.presentation.UiUtil;,2
2006,2
2004,2
building,2
System.out.print(c);,2
\So,\,2
LineByLineParser,2
gotoNews(),1
defaultDir;,1
Constructs,1
m_redirectUrl);},1
splitTime);,1
\System.out.println("\Main\,1
dc:date,1
init(),1
\{logger.finest("\corr,pageHeight="\\,1
\expLabel,\,1
operation,1
RssReaderMIDlet.java,1
super.append(,1
alone,1
}//getFileName,1
m_fc.lastModified();,1
\ResourceProviderME.get("\text.w.q"\)\,1
ASCII,1
svcRepaint(),1
javax.microedition.global.ResourceManager;,1
ititem.m_itunes;,1
!currentRoot.canRead()),1
\"\Duration:"\,\,1
iconDir,1
RIGHT-POINTING,1
Prepare,1
Common.java,1
argument,1
\Logger.getLogger("\com.substanceofcode.utilsSortUtil"\);\,1
this.viewParent,1
store2);,1
rss2.getStoreString(true);,1
(dc),1
javax.microedition.lcdui.Gauge;,1
curRootName,1
having,1
@net.sf.jlogmicro.util.exception.CauseException,1
CompatibilityRssFeed2(,1
CompatibilityRssFeed1(,1
StringUtil,1
ri.getName();,1
javax.microedition.lcdui.AlertType;,1
\logger.fine("\origCmd,type="\\,1
Complete,1
\super.append(root.substring(1),\,1
\Logger.getLogger("\KFileSelectorMgr"\);\,1
\g)"\);\,1
DESCRIPTION,1
bms.length());},1
namesapces,1
this.m_duration,1
roots:,1
\System.out.println("\feed="\\,1
\logger.finest("\form="\\,1
m_curBookmark,1
platform,1
LINKS,1
LogManager.getLogManager().getStartMsgs();,1
trick,1
log_level,1
hdrList.testFeed(false);,1
KFileSelectorImpl(),1
\bvalue="\\,1
this.m_language;,1
(!link.equals(m_url)),1
Handlers,1
\logger.severe("\initConvWinUni"\,\,1
\System.out.println("\resetRoots..."\);\,1
throwable,1
PageCustomItem.java,1
hdrList.testFeed(true);,1
javax.microedition.lcdui.Choice;,1
\{logger.fine("\stored\,1
CauseRuntimeException.java,1
\super(null,\,1
\{logger.finest("\m_dcNamespace,m_dcNamespace="\\,1
\commandAction(m_importAppndCmd,\,1
Siemens,1
SettingsForm.java,1
nodes[IDATE_OFFSET];,1
m_loadForm.appendMsg(msgs[ic]);,1
(above),1
root);,1
this.m_language,1
title);},1
selectedURL),1
comment,1
appendCompatBmk(final,1
this.parent),1
\m_description.replace('|',\,1
\Common.debug("\PageCanvas.showNotify()"\);\,1
site,1
\"\/icons"\\,1
addCmd,1
\{logger.finest("\command,displayable="\\,1
resetRoots();,1
super.addCommand(cancelCommand);,1
m_testingForm;,1
(m_splitTime);,1
\{"\Don't\,1
\{logger.finest("\m_link="\\,1
TestingForm(this);,1
\redirect,\,1
\logger.severe("\replaceSpChars\,1
\Logger.getLogger("\OpmlParser"\);\,1
(RecordStore.listRecordStores(),1
\{logger.finest("\i,name="\\,1
dc:date:,1
\spaces,\,1
CompatibilityRssItunesFeed3.deserialize3(,1
\m_loadForm.appendMsg("\storeTime="\\,1
child),1
m_testSaveBookmarks;//,1
aGraphic,1
\m_loadForm.appendMsg("\encodeTime="\\,1
iconDir);,1
\problem,\,1
(except,1
bookmarks/feeds,1
java.io.Reader#mark(int),1
twice,1
capturing,1
RssItunesFeed.getStoreStringInfo(,1
RssItunesFeed.java,1
java.util.Enumeration;,1
Instances,1
\feed.m_explicit,this="\\,1
(item.isItunes(),1
\System.getProperty("\file.separator"\):\,1
\level"\,\,1
\href="\link"\&gt;Name&lt;/a&gt;\,1
(on,1
unreadImage,1
(long,1
\multi-media,\,1
com.substanceofcode.rssreader.businessentities.CompatibilityRssItunesFeed3;,1
\{logger.fine("\docEncoding="\\,1
super.addCommand(m_bookmarkDetailsCmd);,1
(m_getTestImportForm),1
(count,1
entryElementName);,1
m_newsIndex);,1
\{logger.finer("\plainText="\\,1
\{m_logger.finest("\constructor\,1
\"\/folder_icon.png"\);\,1
eHandlers,1
BBC,1
authors,1
bookmarks.toString().length());,1
FeedParser.java,1
1024L),1
//parent.childFinished(this);,1
m_itunes),1
tagLen);},1
variable,1
Createt,1
Locate,1
utf-8,1
minor,1
CompatibilityRssFeed2(rss);,1
feedEq2);},1
m_name);},1
ExtParser.java,1
is.read(fileDataBlock);,1
\System.out.println("\constructor\,1
m_listParser,1
\ImportFeedsForm(this,\,1
cancelCommand),1
m_recStore,1
\{logger.finest("\numRecs="\\,1
\m_newsIndex="\\,1
URL:,1
initializeDebugForm();,1
\{!itunesEnabled,\,1
\Logger.getLogger("\XmlParser"\);\,1
getSplitTime(),1
unreadHeaderList;,1
\found,\,1
'|',1
seen,1
seem,1
Sep,1
seleected,1
TRADE,1
\read."\);\,1
Started,1
LANGUAGE,1
this.defaultDir,1
aList,1
firstIx,1
sends,1
m_modEncoding);},1
(thumbImage.getWidth(),1
\0.91,\,1
Itune's,1
showAll,1
msgs,1
StringUtil.removeHtml(m_summary);,1
parent);,1
ETag,1
<title>rss),1
\"\m_midpWin="\\,1
m_newsIndex++;,1
RssShortItem,1
EOFException,1
pause,1
cencoding);},1
reusable,1
bookmarks/feeds:w,1
prefViewHeight,1
shouldn't,1
enclosures,1
https,1
RecordStoreFullException,1
byte[(int)availSize];,1
\enclosure,\,1
Autorun,1
\Logger.getLogger("\RenderedWord"\);\,1
\utf-16,\,1
((Runtime.getRuntime().totalMemory(),1
\changeType,\,1
rootsList.contains(FILE_SEPARATOR,1
'i',1
\Common.debug("\PageCanvas.hideNotify()"\);\,1
HtmlView.java,1
AllNewsList.java,1
restored,1
\{logger.finest("\lastHeight="\\,1
\aCmd,\,1
init();,1
KFileSelectorFactory,1
this.m_description,1
{logger.finest(sacts[ic],1
\logger.severe("\hasWinEncoding\,1
\subElem.equals("\author"\)\,1
\images...."\);\,1
m_readItems.size(),1
m_itemForm;,1
kThread.start();,1
this.txtFld,1
hdrList.testFeed2(false);,1
//interface,1
Hello,1
pageMgr,1
\m_logLevelField.getString(),\,1
\Sat,\,1
item.getAuthor();,1
UPDIR_IMAGE,1
(-1,1
((s,1
toFeed.m_title,1
hyperlinks,1
this.txtFrm,1
\logger.severe("\initAlphaIso88591"\,\,1
\m_loadForm.appendMsg("\Error\,1
\currentRoot.getName(),\,1
\item.m_explicit,this="\\,1
listen,1
border,1
\super.append(UP_DIR,\,1
reference,1
\m_headerTestList.getSelectedIndex(),\,1
quickly,1
(item,1
\{m_logger.finest("\key,value="\\,1
\htmlStartIndex,htmlText="\\,1
OpmlParser.java,1
selectedImportType);},1
setfileConn:,1
si.setDate(fdate);,1
'=',1
ebooks,1
java.io.IOException;,1
\date:"\;\,1
item.getSummary();,1
\System.out.println("\openSelected...."\);\,1
(utf-16),1
removing,1
DURATION,1
<?xml..,1
invalidData,1
defined,1
':',1
\pageMgr.commandAction(aCmd,\,1
\UiUtil.getCmdRsc("\cmd.t.sve"\,\,1
(RecordStoreException,1
quirk,1
\non-null,\,1
pubDate);,1
useActions,1
\illegalAlert,\,1
\logger.severe("\parseDcDate\,1
//no,1
14:06:57,1
internalAlert.setTimeout(Alert.FOREVER);,1
water,1
\System.out.println("\selectedIndex:\,1
buffer.getBuffer()[index]);,1
allows,1
renderedWords.length);},1
UTf-8,1
name1.equals(name2);,1
Decodes,1
\(sexplicit.toLowerCase().equals("\clean"\))\,1
type),1
normally,1
\"\CLDC-1.1"\);\,1
\text,\,1
\(elementName.equals("\language"\))\,1
text),1
JDK1.1/1.2,1
rootsList.elements();,1
ofset,1
\{logger.fine("\initheader\,1
(super.getSelectedIndex(),1
\,logger,\,1
\logger.severe(m_ex.getMessage(),\,1
m_unreadHeaderTestList;,1
feed.getDescription();,1
type:,1
dateString);,1
Higher,1
\Logger.getLogger("\HelpForm"\);\,1
\System.out.println("\strArg:\,1
\logger.finest("\serializeItems,encoded,sencoded="\\,1
\{logger.finest("\c,len,ws,actWidth,index="\\,1
EURO,1
[-]CCYY-MM-DDThh:mm:ss[Z|(+|-)hh:mm],1
getConvCp1252(),1
javax.microedition.io.file.FileConnection;,1
Item,1
getFileName(),1
store2b);,1
\{logger.finer("\m_headerFound="\\,1
CompatibilityRssFeed1,1
Doederlein,1
worked,1
handlers,1
(m_duration.length(),1
\System.out.println("\default.dir:\,1
m_headerTestList.setSelectedIndex(,1
removes,1
removed,1
\{m_logger.finest("\m_getFeedTitleList="\\,1
m_midlet.wakeUp();,1
CompatibilityRssFeed2,1
ititem.m_duration;,1
&#228;,1
(cancelCmd),1
\m_loadForm.appendMsg("\Startup\,1
(icon),1
says,1
\"\Link:"\,\,1
message);},1
this);},1
Controller.java,1
\logger.severe("\showErrMsgs"\,\,1
\System.out.println("\Settings\,1
\"\image/gif"\;\,1
storeString,1
Modified,1
KFileSelectorKicker(this));,1
Date(ldates[kc,1
(si.getDate(),1
happen,1
lsize,1
\0),\,1
aDelay,1
Encoding,1
S55),1
width);},1
feedDate,1
Box,1
m_midlet.isItemForm()),1
hi0;,1
//selectedFile,1
Existing,1
UiUtil.java,1
most,1
pointerPressed(int,1
\showAll,showUnread,sortByDate="\\,1
\fileSelectorMgr.doLaunchSelector(this,\,1
\explicit:"\;\,1
\Street,\,1
\{logger.fine("\m_redirectHtml="\\,1
spaces,1
\Connector.open("\file:///"\\,1
\System.out.println("\feed\,1
\ADDED"\);\,1
Restore,1
\{logger.finest("\aLabel,aFrmWidth,aFrmHeight,labelPageHeight,pageHeight,prefViewHeight,viewScrollBar="\\,1
\System.out.println("\Initial\,1
\Logger.getLogger("\SettingsForm"\);\,1
present,1
reporting,1
displayDtlForm;,1
20/05/99,1
(prev/next),1
\m_logger.warning("\Appending\,1
\link:"\;\,1
displayDtlForm.append(new,1
StringItem,1
feed.getLanguage();,1
'word',1
catch(Exception,1
getTitle(),1
beginMe));,1
this.m_explicit;,1
\PageMgr(aTitle,\,1
\subElem.equals("\creator"\)\,1
htmlStartIndex,1
CHANGES,1
modEncoding);},1
aScrollBar);},1
Trick,1
com.substanceofcode.testutil.presentation.TestingForm;,1
break,1
\UiUtil.getCmdRsc("\cmd.t.gb"\,\,1
\thread,\,1
HTMLLinkParser.java,1
javax.microedition.lcdui.Image;,1
this.m_bookmarkIndex,1
title);,1
(m_itunesNamespace.length(),1
aBody,1
06:44:12,1
displayDtlForm.addCommand(,1
\m_description.replace(CONE,\,1
just,1
\"\Invalid\,1
List),1
super.getWidth();,1
((curShortName,1
unrelated,1
strArg);,1
threads,1
\with,\,1
jump,1
manages,1
Content,1
deleteStore(),1
elementFound);,1
m_creator);},1
KFileSelectorFactory.getInstance(,1
Connector.READ,1
\"\Date:"\,\,1
m_itemForm);,1
\encoded,eq="\\,1
//class,1
improved,1
\logger.finest("\obj,finestLoggable="\\,1
\{logger.fine("\bms.length()="\\,1
\Logger.getLogger("\PromptMgr"\);\,1
contents,1
endIx);},1
this.title,1
credentials,1
\elementName.equals("\author"\))\,1
HOOK,1
begin,1
skeezer.net,1
Attributes,1
\Logger.getLogger("\URLHandler"\);\,1
item.m_subtitle,1
06:09:05,1
resetroot,1
\(finestLoggable){logger.finest("\text="\\,1
\logger.finest("\elementStart="\\,1
data/text,1
'/'),1
m_currentElementData.length());},1
failure,1
(m_bookmarkIndex);,1
\logger.finest("\elementFound="\\,1
logger.getParent().getLevel().getName());,1
m_testRssCmd,1
\open1st="\\,1
\Command(ResourceProviderME.get(key),\,1
#2:,1
#1:,1
feed.m_date;,1
this.getClass().getResourceAsStream(imagePath);,1
init(MIDlet,1
\m_fileRtnForm,\,1
NAME,1
\logger.severe("\parseNamespaces\,1
aUnderlinedStyle,1
Changed,1
javax.microedition.lcdui.Item),1
language;,1
\language,\,1
m_contentNamespace,1
\!encoded,\,1
\logger.finest("\parsingElementName="\\,1
\Common.debugErr("\PageMgr.paint\,1
\System.out.println("\displayDtlForm\,1
representation,1
\{logger.finest("\viewScrollBar="\\,1
\Logger.getLogger("\RssFeedParser"\);\,1
m_url);},1
encodeTime);,1
\item.m_subtitle,this="\\,1
childFinished,1
\System.out.println("\save\,1
aMidlet);,1
deserialized,1
}//loadRoots,1
http://www.geocities.com/ResearchTriangle/Node/2005/,1
available,1
Form(,1
general,1
cz.cacek.ebook;,1
\{m_logger.fine("\m_modUTF16,m_utf16Doc,m_utfDoc,m_modEncoding="\\,1
\{logger.finest("\Ref\,1
\commandAction(List.SELECT_COMMAND,\,1
\CONFIRMATION,\,1
\{logger.fine("\hasWinEncoding="\\,1
\(nameSpaces[1][ic].indexOf("\apple"\)\,1
faster,1
\UiUtil.getAddChoiceGroup(this,\,1
\m_bookmarkList.setSelectedIndex(m_bookmarkIndex,\,1
newView);,1
\"\1"\\,1
m_bookmarkDetailsCmd;,1
m_windows);},1
s.getTitle());},1
hasIso8859Encoding);},1
\m_loadForm.appendMsg("\splitTime="\\,1
\"\has\,1
Tet,1
super.addCommand(openCommand);,1
EncodingUtil.java,1
child);,1
\"\RenderedWord"\);\,1
Runtime.getRuntime().freeMemory()));},1
(explicit.equals(RssItunesItem.UNSPECIFIED)),1
atoms,1
\{m_logger.fine("\size\,1
item.getSubtitle();,1
anErr,1
1)),1
\{logger.finest("\m_contentType="\\,1
0.92,1
\file"\,\,1
\"\"\)\,1
Settings.deleteStore();,1
imagePath),1
indexes[ic],1
{};,1
12:23,1
screen.size());},1
\logging"\\,1
(curRootName.charAt(0),1
\aX,aY,width,height,aBody,aScrollBar="\\,1
Couldn't,1
\imagePath,\,1
very,1
\m_headerTestList.setSelectedIndex(m_headerIndex,\,1
(selectedURL);,1
URLHandler.java,1
12:47,1
target.doNotifyOpComplete();,1
currentRoot.setFileConnection(selectedFile);,1
ic);},1
\{logger.fine("\resetRoots..."\);}\,1
\System.out.println("\Allocated:\,1
DATE_OFFSET;,1
URL/file,1
\currentRoot.list(filePatterns[ic],\,1
\listFiles(String[],\,1
\initializeLoadingFormRsc("\text.l.items"\,\,1
Command.BACK),1
\(sexplicit.toLowerCase().equals("\yes"\))\,1
\m_loadForm.appendMsg("\msgs.length"\\,1
\logger.severe("\parse\,1
\{m_logger.finest("\ResourceProviderME\,1
\{logger.finest("\skipping\,1
Canvas,1
checkNameSpaces[0]);},1
\ChoiceGroup,\,1
item.m_duration,1
alert.getString(),1
currentDir,1
RssStoreInfo(String,1
autoscroll,1
Display.getDisplay(midlet).setCurrent(newView);,1
<meta>,1
http://student.vub.ac.be/~opinalid/,1
\aWidth,aHeight,pageHeight,renderedWords.length="\\,1
TextBox,1
\Image.createImage(datablock,0,datablock.length);\,1
Time,1
increase,1
m_display.getCurrent();,1
\"\)"\);\,1
this.m_date;,1
\UiUtil.getCmdRsc("\cmd.clr"\,\,1
\page,\,1
\Itunes,\,1
TextField.ANY);,1
(moves,1
pattern,1
\UiUtil.getCmdRsc("\cmd.tf"\,\,1
m_creator,1
100,1
\StringItem("\Explicit:"\,\,1
super.setTitle(aTitle);,1
respMsg);},1
pageMgr.keyRepeated(aKey);,1
booleans,1
CIRCUMFLEX,1
Level.parse(m_appSettings.getLogLevel()));,1
block,1
10;,1
Contact:,1
Tells,1
java.io.Reader#close(),1
\"\2"\;\,1
synchronized.<p/>,1
index);},1
m_logger.severe(msg);,1
\System.out.println("\full\,1
ioex:,1
((m_bookmarkIndex,1
definition,1
\Display.getDisplay(m_midlet).setCurrent(invalidData,\,1
\Thu,\,1
availSize:,1
parent.addDeferredAction(new,1
best,1
newInst;,1
region);,1
\snum,\,1
(midlet);,1
openCommand),1
\m_unreadItems,m_readItems,m_allItems,m_itemFeedsNames="\\,1
12:,1
ROOT,1
manage,1
\initialization,\,1
listRoots,1
runny,1
\{System.out.println("\cchr,conv="\\,1
percentage,1
elementStart);,1
iso8859_1,1
toFeed.m_description,1
\{logger.finest("\subElem="\\,1
\{logger.finest("\curShortName="\\,1
\commandAction(m_editBookmark,\,1
((List)disp).getTitle();,1
reading),1
(((Form)s),1
result,1
\{logger.finest("\published=m_date="\\,1
parent;,1
dateLabel,1
parent),1
m_hasExt,1
ioEx.printStackTrace();,1
(m_headerTestList.getSelectedIndex(),1
\exception"\,\,1
\System.out.println("\currentSettings,data.length="\\,1
DATE];,1
PositionForm.java,1
dimension,1
action);,1
(debug),1
this;,1
this:,1
m_midpIso);,1
feed.getTitle();,1
sortStrings,1
\testing,\,1
think,1
bm.getUrl());,1
(MIDletStateChangeException,1
setTitle(title);,1
isItemForm(),1
TILDE,1
(fdate,1
\location="\\,1
RECORD_STORE_NAME,1
EST,1
1)));,1
displayDtlForm.setCommandListener(this);,1
(from,1
plist,1
setJoinTime(long,1
rsi.getSplitTime();,1
\item.m_author,this="\\,1
names,1
(ctype,1
\{logger.finer("\m_currentElementContainsText,m_currentElementData="\\,1
slower,1
m_bookmarkList.getString(m_curBookmark));,1
upddate,1
getFilePatterns(),1
processed,1
month/time,1
url);},1
m_bookmarkIndex);,1
showNotify,1
HTTP_NOT_MODIFIED,1
\finished."\);}\,1
\initializeLoadingFormRsc("\text.l.f.imp"\,\,1
getCurrent(),1
tabs,1
\logger.getParent().getLevel().getName(),\,1
htmlEnabled,1
shortened,1
HTMLParser.java,1
clicked,1
\rss.xml,\,1
00:00:00,1
sencoded);,1
ohandler,1
\tag,\,1
(SecurityException,1
high,1
m_logLevelField.setLayout(Item.LAYOUT_BOTTOM);,1
localization,1
\{m_logger.finest("\initNewsList\,1
\pwidth,lastWidth,pheight,lastHeight="\\,1
+0000,1
join,1
\now,\,1
viewed,1
cplace,1
iso8859-1,1
feed.getSummary();,1
colTit,1
displayRoot,1
javax.microedition.io.file.*;,1
\"\ResourceProviderME\,1
feed.m_category,1
\subElem.equals("\language"\)\,1
Reader,1
name1,1
\EOFException"\);\,1
\{logger.finest("\checkNameSpaces[0]="\\,1
short,1
((maxLines,1
super.addCommand(m_testNewsCmd);,1
width;,1
fileType),1
\feed,this="\\,1
FeedListParser.java,1
AbstractView.java,1
createWhiteSpace(int),1
Saving,1
again,1
\UiUtil.getCmdRsc("\cmd.open"\,\,1
ioe);,1
records,1
Netbeans,1
\data..."\);\,1
Osvaldo,1
getImage(String,1
feed.getUrl());},1
getFileData(),1
LogManager.getLogManager().readConfiguration(this);,1
item.getExplicit();,1
LICENSE,1
path--,1
(char)1,1
MILLE,1
JAR),1
2);,1
Text,1
translate,1
feed.m_itunes,1
\{logger.fine("\after\,1
(defaultDir,1
request.),1
(byte)-1)),1
\System.out.println("\empty\,1
ResourceProviderME.java,1
txtFrm,1
\logger.finest("\key,lngkey,commandType,priority="\\,1
name),1
colTxt,1
m_enclosure);},1
m_creator;,1
<b>cat</b>),1
Core,1
\logger.finest("\lo,lo0,hi0,hi,mid="\\,1
javax.microedition.lcdui.Canvas;,1
rss3.getStoreString(,1
\WINDOWS-1252"\);\,1
\"\encoding\,1
\this(name,\,1
@/*,1
\showLoadingFormRsc("\text.l.t"\,\,1
txtFld,1
\System.out.println("\hasIso8859Encoding\,1
supports,1
\(selectedFile.indexOf("\gif"\)\,1
Diagnostics,1
RssItunesItem.java,1
Taken,1
initialized,1
\{logger.finest("\m_itunesNamespace,m_itunesNamespaceLen="\\,1
RssItunesItem),1
vsa,1
Image.createImage(imagePath);,1
\logger.warning("\handleOpen\,1
testFeed(final,1
&lt;a,1
Prompt,1
Code,1
\LOG_LEVEL,\,1
curRootName);,1
fail:,1
\{logger.finest("\sizeChanged,width,height="\\,1
deleted,1
\System.out.println("\Adding:\,1
m_headerFound);},1
\encoded,\,1
Exception());,1
View.java,1
QWRtaW46Zm9vYmFy,1
speed,1
\Common.debug("\Command\,1
\memory."\,\,1
\{logger.finest("\m_encoded="\\,1
m_defEncoding);},1
ACCENT,1
\{logger.finest("\content=m_description="\\,1
fileDataBlock),1
fileDataBlock:,1
\entry"\);\,1
\case,\,1
fileDataBlock;,1
(backward,1
#151;,1
\item.m_desc,this="\\,1
meta,1
#150;,1
descritption,1
utf,1
!currentFile.endsWith(FILE_SEPARATOR_ALT)),1
CauseMemoryException.java,1
((KFileSelectorImpl)newInst).init();,1
numRecs);,1
dynamic,1
Long,1
menu,1
\present,\,1
initializer,1
openSelected();,1
Try,1
(!JSR75_ENABLED),1
docEncoding);},1
\20,\,1
(James,1
rootsList.contains(curRootName),1
causes,1
setSplitTime(long,1
RssItem.java,1
ITUNES_CAPABLE_VERS;,1
20;,1
Controller,1
\TestOutput.init(System.out,\,1
(selectedIndex,1
isoEncoding);},1
translation,1
(rolled,1
this.m_subtitle;,1
while(lsize--,1
upon,1
\logger.finest("\Alert\,1
CompatibilityRssItunesFeed3(rss);,1
}//resetRoots,1
0));,1
RecordStore.deleteRecordStore(,1
Encode,1
\"\image/png"\;\,1
#148;,1
T637,1
#147;,1
\cencoding,m_defEncoding="\\,1
#146;,1
prevent,1
\logger.finest("\m_currentElementContainsText="\\,1
#145;,1
Explained,1
counts,1
\{logger.finer("\xmlns,url="\\,1
\{logger.finest("\getPrefContentHeight,height,labelPageHeight,pageHeight="\\,1
\{logger.finest("\bout.toByteArray().length="\\,1
\System.out.println("\user\,1
m_currentElementData);},1
GMT,1
getIsoCommonEntities(),1
PageCanvas.java,1
22:25:11,1
Title,1
disp.getClass().getName(),1
\m_hc.getHeaderField("\location"\));}\,1
//that's,1
(m_convCp1252);,1
UTF,1
\store="\\,1
indicate,1
Fixed,1
\(sexplicit.toLowerCase().equals("\no"\))\,1
RssStoreInfo.java,1
m_unreadItems.size(),1
acts[ic]);},1
e.getMessage());},1
\now."\);\,1
GPL,1
(title.length(),1
aParent),1
EncodingStreamReader.java,1
m_backHeaderCmd,1
\System.out.println("\Creating\,1
\"\.."\;\,1
aParent;,1
\RssItunesItem(title,\,1
aPart,1
ResourceProvider,1
nice..,1
\{System.out.println("\array\,1
super.size();,1
associating,1
\getWildCardMatches(String,\,1
#132;,1
cmds,1
Connector.open(selectedURL);,1
#130;,1
mobility,1
Franklin,1
imagePath,1
\"\/file_icon.png"\);\,1
\Floor,\,1
parsingElementName);,1
ititem.m_summary;,1
\CustomItem),\,1
\logger.severe("\initXmlEntities"\,\,1
\"\image/jpeg"\;\,1
aPage,1
Gosling),1
holding,1
\"\ImportFeedsForm"\).start();\,1
(tmpMsgs.containsKey(key)),1
application/atom,1
m_itunesNamespaceLen);},1
m_itunesNamespace.charAt(0);,1
log_level);,1
Throw,1
Request,1
\m_logger.severe("\RssReaderMIDlet\,1
\TextField("\Logging\,1
\"\resourceproviderme-text-l-load"\));\,1
mailto@osvaldo.visionnaire.com.br,1
origCmd.getCommandType());,1
parsers,1
\logger.severe(ie.getMessage(),\,1
!encoded);,1
numRecs);},1
\aPageImpl,\,1
Selected,1
javax.microedition.lcdui.Graphics;,1
\System.out.println("\file\,1
Finish,1
m_midlet.setBookmarkIndex(m_bookmarkList.size());,1
\"\text,len="\\,1
\logger.finest("\alert,disp="\\,1
operations,1
\logger.severe("\saveBookmarks\,1
ISO8859-1,1
\UiUtil.getCmdRsc("\cmd.t.nw"\,\,1
(m_debugOutput),1
m_lastMod,1
3);,1
otherwise,1
\Common.debug("\commandAction()\,1
\inputCharacter,\,1
aParm1,1
listOfDirs,1
\feed.getDate(),\,1
m_itunesNamespaceLen,1
target),1
item.m_summary,1
this.m_author;,1
//relative,1
setCurrent,1
target;,1
pageMgr.key(aKey);,1
getJoinTime(),1
Shell:,1
\(selectedFile.indexOf("\bmp"\)\,1
rsi,1
m_debug.setCommandListener(this);,1
chunks,1
quotes,1
index),1
holds,1
aStr,1
item.m_enclosure,1
toFeed.m_author,1
\m_settings.getStringProperty(LOG_LEVEL,\,1
feed.m_author,1
\Common.debugErr("\PageMgr.sizeChanged\,1
aFrmHeight,1
Screen,1
\handler="\\,1
feed.isItunes())),1
}//displayAllRoots,1
aName,1
@net.sf.jlogmicro.util.exception.CauseRuntimeException,1
feed.getAuthor();,1
splitTime),1
com.substanceofcode.rssreader.businessentities.CompatibilityRssFeed2;,1
spage,1
createItem,1
\{logger.finest("\Thread\,1
knowing,1
com.substanceofcode.rssreader.businessentities.CompatibilityRssFeed1;,1
setFilePatterns(String[],1
\{logger.finest("\checkNameSpaces[2]="\\,1
req,1
ref,1
entire,1
\"\true"\);\,1
\ITUNES_ENABLED,\,1
&lt;link,1
though,1
isUtfDoc());},1
hact.get(icact));},1
UP_DIR,1
\{logger.finest("\message="\\,1
aDisp),1
\{m_logger.finest("\Using\,1
\data.length="\\,1
Modify,1
javadoc,1
{System.out.println(,1
releaseMemory);},1
illegal,1
m_feedListURL,1
winEncoding);},1
Update/initialize,1
FG/BG,1
aValue,1
through,1
location,1
href=,1
position),1
filePatterns.length;,1
m_utfDoc,1
\Logger.getLogger("\AllNewsList"\);\,1
m_saveBookmarks);},1
\{logger.fine("\before\,1
many,1
ScrollThread(String,1
super.addCommand(m_testRssCmd);,1
net.sf.jlogmicro.util.logging.RecStoreHandler;,1
(HttpConnection),1
data.length);,1
htmlText);},1
\pwidth,pheight="\\,1
positions,1
}//getThumbnail,1
Disable,1
proper,1
news/items,1
m_testImportCmd;,1
CommandListener,1
\"\/up_dir_icon.png"\);\,1
this.selectedURL,1
\m_headerTestList.commandAction(List.SELECT_COMMAND,\,1
unecessary,1
good,1
fileEncoding);},1
would,1
\news,\,1
meaningful,1
fsize,1
Thread(this);,1
completed,1
Action:,1
\System.out.println("\curRootName:\,1
testFeed2(final,1
rss3,1
rss2,1
rss1,1
\FormHandler"\,\,1
\(finestLoggable){logger.finest("\tag,tagLen="\\,1
(bDebug,1
\item.m_summary,this="\\,1
Stores,1
getLogLevel(),1
\logger.warning("\Invalid\,1
toFeed.m_language,1
\region,data.length="\\,1
overriding,1
<?xmlstylesheet,1
easier,1
feedEq);},1
status),1
m_itemForm.addPromptCommand(,1
fileSelectorView.doCleanup();,1
m_utf);},1
Finding,1
m_docEncoding,1
\running="\\,1
\{logger.finer("\m_currentElementName="\\,1
Cause,1
\store1,\,1
\System.out.println("\store2=\n"\\,1
doCleanup(),1
LINK];,1
imgOpenEx),1
m_enclosure,1
m_fileRtnForm,1
getFileMimeType(),1
(m_fileRtnForm,1
\Common.debug("\PageMgr.paint(Graphics\,1
unreadItem);,1
m_itunes);},1
(C)1999,1
txtFld.setString(fileSelectorView.getSelectedURL());,1
changes,1
Nasty,1
errs,1
feed.equals(feed2);,1
http://www.koders.com/java/fid123AC940B58E5ED6E60BAC5685D7FFC0E3484875.aspx?s=mailto%40osvaldo.visionnaire.com.br,1
nodes[LANGUAGE];,1
this.m_title;,1
pheight,1
\System.out.println("\SettingsForm\,1
(index),1
getConvIso88591(),1
m_midlet.getBookmarkIndex());,1
securityAlert.setTimeout(Alert.FOREVER);,1
this.m_summary;,1
AtomParser,1
\{logger.fine("\region="\\,1
(InterruptedException,1
autolinks,1
\logger.severe("\showMsgs"\,\,1
\{logger.fine("\currentSettings,data.length="\\,1
\"\Show\,1
runny),1
rss.xml,1
\{logger.finest("\estimateHeight\,1
keys[ic],1
nodes[DURATION];,1
Several,1
sortByDate);},1
our,1
m_exit,1
m_currentElementName);,1
&gt;,1
}//doLaunchSelector,1
this.selectedFile,1
seeing,1
\namespace,\,1
setLogLevel(String,1
enbabled,1
supporting,1
concatenated,1
(finerLoggable,1
\logger.severe("\getStringProperty\,1
diagnostic,1
\MIDP,\,1
m_hc,1
bDebug;,1
\Cp1252"\);\,1
substitutions,1
\version."\);\,1
java.util.*;,1
Messages,1
this.m_link;,1
\(selectedFile.indexOf("\jpeg"\)\,1
rsi.getJoinTime();,1
RssFeedReaderSettings.java,1
reduce,1
calls,1
\UTF-16"\);}\,1
boolmark,1
\only,\,1
can't,1
fileType,1
HttpsConnection,1
m_settings.setStringProperty(,1
callers,1
scrollDelay,1
rtnImage;,1
\{logger.finest("\m_duration="\\,1
\logger.severe("\initForms\,1
search,1
\"\RecordStoreNotFoundException\,1
Display.getDisplay(midlet).setCurrent((List)fileSelectorView);,1
beginMe,1
PromptForm.java,1
setBookmarkIndex(int,1
itemDate,1
\recordExcFormFinRsc("\exc.om.flf"\,\,1
\cmds...."\);}\,1
\conn..."\);\,1
c.getLabel(),1
msg);,1
datablock,1
(availSize,1
fileSelectorMgr,1
feed.m_summary,1
m_testRtnCmd;,1
super,1
camands,1
\pageMgr.pointerPressed(aX,\,1
Current,1
\feed.m_name,this="\\,1
combined,1
\{logger.finest("\screen.size()="\\,1
//ROOT_IMAGE,1
keyPressed(int,1
\{m_logger.finest("\kc,date="\\,1
\logger.severe("\initEntVals\,1
textinput,1
\Common.debug("\Pointer\,1
detail,1
cz.cacek.ebook.util.ResourceProviderME;,1
previously,1
(byte)2;,1
Clean,1
extensions,1
setEncodeTime(long,1
(given,1
\m_rssFeeds,\,1
minmally,1
m_itunesEnabled.setSelectedFlags(,1
while(fsize--,1
StringUtil.java,1
\System.out.println("\selectedFile:\,1
\logger.warning("\Warning\,1
<link>,1
\Date(Long.parseLong(sfdate,\,1
m_dcNamespace);},1
\Command.CANCEL,\,1
d.getTitle(),1
name2);,1
(m_headerNext,1
currentRoot.openInputStream();,1
\{logger.finer("\Title:\,1
(UTF-8),1
CauseException.java,1
joinChar,1
values),1
FOLDER_IMAGE,1
(String)rootsList.elementAt(0));},1
(2*width)),1
store);,1
msg,1
aList.delete(0);,1
\Logger.getLogger("\PromptList"\);\,1
\m_loadForm,\,1
msgs.length;,1
(!rss3.equals(nrss)),1
begins,1
1.0.8,1
1.0.7,1
1.0.6,1
1.0.5,1
1.0.4,1
1.0.3,1
1.0.2,1
1.0.1,1
1.0.0,1
\protocol="\\,1
17);,1
http://web.resource.org/rss/1.0/modules/dc/,1
//constructor,1
m_stored,1
(byte)1;,1
\currentRoot.list("\*"\,\,1
\url="\\,1
(modified),1
\1.0),\,1
\02111-1307,\,1
\file???"\);\,1
\time."\\,1
cleanup,1
Base64.java,1
(((m_author,1
feed.toString());,1
\allowWrite,\,1
displayAllRoots(),1
\Command.ITEM,\,1
(!rss2.equals(nrss)),1
\cchr,conv="\\,1
action:,1
\data"\});\,1
\UiUtil.getCmdRsc("\cmd.t.imp"\,\,1
\encodings,\,1
name1);,1
XmlParser.java,1
insCmd,1
settings.getItunesEnabled();,1
getFontSize(),1
(m_hasWinEncoding);,1
fileURL,1
Runtime.getRuntime().freeMemory()),1
(sfdate,1
m_midpWin);,1
super.getSelectedIndex();,1
\logger.finest("\m_currentElementData="\\,1
\m_hc.getURL(),\,1
(byte)0;,1
selectedIndex,1
\txtFrm,\,1
canvas,1
this.m_splitTime,1
everywhere,1
provides,1
(kThread,1
toFeed.m_link,1
ctype,1
actWidth,1
fixes,1
\((KFileSelectorImpl)newInst).init(midlet,\,1
\https,\,1
item.m_index,1
16);,1
\root,\,1
initializeDebugForm(),1
m_utf16Doc,1
feed.getName(),1
Unknown,1
RssItunesItem.BNO_EXPLICIT;,1
\m_loadForm.appendMsg("\Str\,1
RssItunesItem.BNO_EXPLICIT),1
}//commandAction,1
beginStore;,1
\logger.warning("\createImage\,1
\"\AllNewsList"\).start();\,1
\{logger.finest("\command,ctype,displayable="\\,1
cencoding,1
\Logger.getLogger("\PageCustomItem"\);\,1
\feed.m_summary,this="\\,1
\setCurrent,\,1
loadRoots(),1
NewsReader,1
nodes[DESCRIPTION];,1
fileSelectorView;,1
\Logger.getLogger("\PromptForm"\);\,1
szMimeType;,1
(currentDir.endsWith(FILE_SEPARATOR),1
StringUtil.removeHtml(m_subtitle);,1
m_itunesEnabled;,1
(cp1252),1
\m_bookmarkList,\,1
\super.getSelectedIndex(),\,1
\item.m_index,this="\\,1
thumbImage;,1
out),1
\style,\,1
core,1
Input,1
Interface,1
m_testSaveCommand;,1
corr,1
m_currentElementData);,1
(filePatterns);,1
\short="\\,1
discover,1
newView),1
instances,1
pageMgr;,1
m_allItems.size(),1
(fileSelectorView.getSelectedURL(),1
FileSystemListener.ROOT_ADDED),1
KFileFileSelector,1
m_fc.close();,1
m_category);},1
RMS,1
RenderedWord,1
difficult,1
\m_headerIndex="\\,1
\Logger.getLogger("\PageMgr"\);\,1
\{logger.finest("\Prologue\,1
\version,\,1
\IOException("\Error\,1
However,1
item.m_link,1
\"\resourceproviderme-text-l-items"\));\,1
\{logger.fine("\modUTF16="\\,1
\{logger.finest("\m_explicit="\\,1
number,1
m_hasItunes,1
\unconditional,\,1
\cmds...."\);\,1
m_headerIndex);,1
Filled,1
key;,1
\Logger.getLogger("\ImportFeedsForm"\);\,1
\m_logger.warning("\No\,1
}//setViewParent,1
\System.out.println("\headerList\,1
\feed.m_link,this="\\,1
initializeLoadingForm();,1
keys,1
Cp1252,1
scroll,1
River,1
\name,value="\\,1
\System.out.println("\itemForm\,1
ritems[ic]);},1
away,1
feed.getExplicit();,1
\{logger.finest("\m_creator="\\,1
java.io.InputStream;,1
\FormHandler."\,\,1
m_bookmarkIndex++;,1
selectedFile.endsWith(FILE_SEPARATOR_ALT)),1
m_debugCmd;,1
maxLines)),1
}//displayCurrentRoot,1
super.setSelectCommand(openCommand);,1
\{logger.finest("\stored\,1
m_unreadHeaderTestList.gotoNews();,1
hdrList.testFeed2(true);,1
re-try,1
m_itunesNamespaceChar,1
\Guy,\,1
\logger.finest("\hf="\\,1
m_fileEncoding);},1
date:,1
execute,1
height);},1
activities,1
dont,1
title),1
item.m_explicit,1
\Image.createImage("\root_icon.png"\);\,1
m_loadForm.addExc(t);,1
Integer.toString((int)m_explicit));,1
data:,1
\data,\,1
aFontSize,1
synchronized(Settings.class),1
count++),1
TestingForm,1
(RecordStoreNotFoundException,1
defaultDir);,1
bufferOffset),1
\item.m_enclosure,this="\\,1
DJSR238,1
getWinEncoding(),1
\"\Language:"\,\,1
iso,1
m_headerTestList);,1
\"\"\);\,1
\doc,\,1
\protected,\,1
m_headerTestList)),1
toFeed.m_explicit,1
Atom's,1
Iso,1
\{logger.fine("\isoEncoding="\\,1
feed2,1
\feed,\,1
\ic="\\,1
selectedFile);},1
\{logger.fine("\MIDletStateChangeException="\\,1
settings.setItunesEnabled(,1
Lower,1
\,"\text.w.clear"\\,1
m_midlet.reqFindFiles(,1
(feedDate,1
rootsList.addElement(FILE_SEPARATOR,1
key(final,1
itemss,1
promptCommands.containsKey(cmd));},1
N95's,1
Prints,1
javax.microedition.lcdui.List;,1
\Logger.getLogger("\AtomFormatParser"\);\,1
imbed,1
iconDir;,1
fineLoggable;,1
compile,1
\set."\);}\,1
hasWinEncoding);},1
\vspaces.addElement(m_itunesNamespace.substring(0,\,1
\message="\\,1
\{m_logger.finest("\ic,index,date="\\,1
prologes,1
exitiing,1
uitems[indexes[ic]].getDate());},1
UiUtil.delItems(m_debug);,1
m_debug);,1
m_itemFeedsNames.size());},1
\logger.finer("\ic,lngValues="\\,1
DATE,1
strArg),1
(m_joinTime);,1
\"\MIDP-1.0"\);\,1
store2,1
store1,1
m_currentElementName);},1
\{logger.finest("\saveHdr,saveItems,region,releaseMemory="\\,1
Vector();,1
News,1
insert/append,1
cmd.getLabel(),1
m_testClearCmd;,1
Testing,1
\m_testClearCmd,\,1
\t.getMessage(),\,1
Authorization:,1
\nodes,\,1
Google,1
\{logger.fine("\fileEncoding="\\,1
modUTF16);},1
runny);,1
\{logger.fine("\cencoding="\\,1
\{logger.finer("\encoding="\\,1
nameSpaces[0][ic],1
rss1.getStoreString(,1
(m_bookmarkLastIndex,1
m_getFeedTitleList);},1
PageCustomItem,1
\"\Explicit:"\;\,1
isHasWinEncoding(),1
msgs.length);,1
FileSystemListener.ROOT_REMOVED),1
AtomParser.java,1
readed,1
\{logger.finest("\rootsList(0)="\\,1
mid);,1
Game,1
converts,1
m_listParser.isRedirectHtml());},1
\href="\link"\\,1
garbage,1
\{logger.finer("\Not\,1
(not,1
StringUtil.join(,1
Seems,1
description;,1
\m_docEncoding,m_fileEncoding="\\,1
textData);},1
\recordExcFormFinRsc("\exc.int.flf"\,\,1
KFileSelectorKicker,1
ex.printStackTrace();,1
\m_title.replace('|',\,1
restart,1
logger.getParent().setLevel(Level.OFF);,1
\logger.severe("\parseFeeds\,1
\desc,\,1
encodeTime),1
\UiUtil.getCmdRsc("\cmd.cancel"\,\,1
7);,1
Choice,1
had,1
feed.m_explicit,1
equivalent),1
\null="\\,1
eHandlers.nextElement();,1
\"\Description:"\,\,1
\internalAlert,\,1
\{logger.finest("\m_subtitle="\\,1
UTF8ISReader.java,1
\UiUtil.getCmdRsc("\cmd.s.bdt"\,\,1
m_debug),1
\UiUtil.getCmdRsc("\cmd.f.fl"\,\,1
getSelectedURL();,1
\ic,fitems[ic],ritems[ic]"\\,1
height;,1
height),1
loadRoots();,1
\commandType,\,1
Estimate,1
\started="\\,1
Page.java,1
document,1
m_debug;,1
(listOfDirs.hasMoreElements()),1
a.k.a,1
\item="\\,1
javax.microedition.lcdui.Form;,1
containing,1
upper,1
Length,1
sexplicit,1
\"\parsing\,1
closed,1
\Logger.getLogger("\RssShortItem"\);\,1
\"\Entities,\,1
\System.out.println("\showLoadingForm\,1
checkNameSpaces[1]);}},1
loadForm.append(super.getAppProperty(,1
item;,1
\super.append(currentDir,\,1
linkLabel,1
itunesInfo,1
Destroy,1
System.err.println(msg);,1
\{logger.fine("\bookmarks.length()="\\,1
item..,1
java.lang.Object#toString(),1
\icon,\,1
com.substanceofcode.testutil.TestOutput;,1
\INFO"\);\,1
created,1
\Logger.getLogger("\AbstractView"\);\,1
m_settings.getBooleanProperty(,1
Contributions,1
LEFT-POINTING,1
Gï¿½sta,1
\subElem.equals("\explicit"\)\,1
Last-Modified,1
1099,1
m_index);},1
\{logger.finer("\attribute\,1
m_contentType);},1
\System.out.println("\...data\,1
1071,1
modifications,1
\i,content="\\,1
1069,1
curRootName.substring(1);,1
\System.out.println("\initIsoEncoding\,1
\System.out.println("\name2="\\,1
opml,1
Currently,1
anymore,1
selectedIndex);},1
lettters,1
1001,1
Settings.java,1
initializing,1
aY);,1
\Logger.getLogger("\HtmlView"\);\,1
(!rss1.equals(nrss)),1
\start,\,1
m_testRssCmd;,1
m_testRssCmd),1
feed.m_name,1
creator,1
txtFld),1
Have,1
\{m_logger.finest("\Getting\,1
\System.out.println("\ResourceProviderME\,1
super.addCommand(m_BMFileCmd);,1
FileSystemRegistry.listRoots();,1
switch,1
\UiUtil.getCmdRsc("\cmd.t.hdr"\,\,1
eHandlers.hasMoreElements();),1
splitting,1
ititem.m_explicit;,1
xmlns,1
\{logger.fine("\m_windows="\\,1
((FormHandler)ohandler).getForm();,1
javax.microedition.lcdui.Form,1
column,1
@final,1
blanks,1
illegalAlert.setTimeout(Alert.FOREVER);,1
\UiUtil.getCmdRsc("\cmd.t.bmk"\,\,1
Errors,1
Error:,1
cancelCommand,1
rootsList.removeAllElements();,1
atributes,1
defaultDir,1
curShortName))),1
\System.out.println("\name1="\\,1
currentDir.endsWith(FILE_SEPARATOR_ALT)),1
javax.microedition.lcdui.StringItem;,1
Path,1
((line,1
aForm),1
\encoded,eq,2="\\,1
filePatterns;,1
(m_midlet.getCurrent(),1
filePatterns),1
\createImage("\/icons/unread.png"\)\,1
GÃ¶sta,1
enough,1
ri.getStoreString();,1
\FileSys:ROOT_REMOVED"\);\,1
BULLET,1
Select,1
illegalAlert,1
m_logLevelField.getString().toUpperCase();,1
\throwable"\,\,1
//the,1
ResourceProviderME.initialize();,1
Initial,1
\request."\);\,1
LINK,1
CompatibilityRssItunesFeed3,1
initalized,1
(platform,1
allowWrite,1
Maximal,1
displayCurrentRoot(),1
doNotifyOpComplete(),1
FileSystemRegistry.addFileSystemListener(this);,1
Image.createImage(is);,1
ie);,1
aFont,1
\setTitle("\["\\,1
\logger.severe("\replaceSpUniWinChars\,1
name(title),1
\int,\,1
offscreen,1
\{logger.fine("\m_exit,m_saveBookmarks="\\,1
UPDIR_IMAGE);,1
\imported,\,1
\(-1),\,1
aForm,1
feed.m_language,1
m_fileURL);,1
(m_appSettings.getLogLevel().length(),1
entities.length,1
http://news.bbc.co.uk/2/hi/help/3223484.stm,1
logger;,1
\{logger.fine("\modEncoding="\\,1
Based,1
\data="\\,1
\Logger.getLogger("\HTMLLinkParser"\);\,1
\logger.finest("\c="\\,1
logger.getParent().setLevel(,1
viewParent.reqSetVisible(newView);,1
Rec,1
constructPath,1
aChr,1
m_dcNamespace,1
!m_itunesEnabled.isSelected(0);,1
06:42:37,1
page..,1
getSelectedURL(),1
\{logger.finest("\m_currentElementData.length()="\\,1
curShortName);},1
aForm.delete(0);,1
(m_winEncoding);,1
}//getMimeType,1
indirectly,1
quick-sort,1
\fname,ilen="\\,1
\System.out.println("\ImportForm\,1
lastWidth,1
\one,\,1
ImportFeedsForm),1
dir,1
log_level;,1
currentRoot.close();,1
\{logger.fine("\encoding="\\,1
import),1
\{logger.finest("\firstIx,endIx="\\,1
super(name);,1
step,1
prologueFound);,1
(rootName.length(),1
takes,1
midlet),1
!feedEq2),1
m_hc.getHeaderFieldKey(ic));,1
\initializeLoadingFormRsc("\text.l.f.bk"\,\,1
dirs,1
view.nextLine()),1
lngValues,1
freed,1
Java,1
FileSys:,1
open1st);},1
\FileSystemListener,\,1
\((nameSpaces[1][ic].indexOf("\itunes"\)\,1
m_currentElementContainsText,1
Resource,1
Year,1
alert.getType());,1
\"\Wait"\\,1
Substitute,1
javax.microedition.lcdui.Font;,1
//currentRoot.setFileConnection(selectedFile);,1
getIsoSpecialEntities(),1
diaeresis,1
cur,1
\feed.m_url,this="\\,1
(sfdate.length(),1
e.g,1
super.repaint();,1
Source,1
\logger.finest("\date,pubDate="\\,1
toFeed.m_date,1
\System.out.println("\Existing\,1
m_bookmarkList.size()>0,1
FILE_IMAGE,1
getInstance(MIDlet,1
\description,\,1
\appendCompatBmk(i,\,1
log_level),1
\feed.m_itunes,this="\\,1
\super.setSelectedIndex(m_newsIndex,\,1
\Alert("\Invalid\,1
http://www.google.com/gwt/n?u=http%3A%2F%2Fsourceforge.net&_gwt_noimg=1,1
parameter),1
\{m_logger.finest("\Reading\,1
saves,1
toFeed.m_subtitle,1
pageMgr.keyPressed(aKey);,1
Processing..,1
m_headerTestList;,1
importFeedsForm,1
\java.io.Reader#read(char[],\,1
2007-07-31T02:02:00+00:00,1
m_redirectHtml);},1
\KFileSelector,\,1
\super(TITLE,\,1
super.setSelectedIndex(,1
\count,line="\\,1
m_hc.getHeaderField(ic));,1
fdateString,1
super();,1
conditional,1
</a>,1
metadata,1
'c':,1
UiUtil.getSelectedIndex(m_bookmarkList);,1
viewParent;,1
(m_language.length(),1
{logger.finest(skeys[ic],1
(items),1
\html="\\,1
(m_unreadHeaderTestList,1
Fifth,1
m_importCurrFeedListCmd;//,1
m_contentNamespace);},1
redo,1
currentRoot.fileSize();,1
\subElem.equals("\artist"\)\,1
Integer.toString(data.length)));},1
rtn);,1
Thread(runny).start();,1
roots.nextElement());,1
addmessage,1
(!feedEq),1
feed.getSubtitle();,1
(!rootsList.isEmpty()),1
big,1
(isItunes,1
\{logger.fine("\winEncoding="\\,1
\msgs="\\,1
\currentRoot..."\);\,1
appndCmd,1
\String(...,encoding);\,1
storeDate);},1
NumberFormatException,1
bookmarkIndex;,1
produce,1
bookmarkIndex),1
avoid,1
nothing,1
(m_newsNext,1
aList.size();,1
ELLIPSIS,1
followed,1
couldn't,1
Change,1
\{logger.finest("\fillPage\,1
aLines,1
obfuscator,1
released,1
translations,1
java.io.Reader#reset(),1
\logger.finest("\m_currentElementName="\\,1
hsize);},1
Indexes,1
(Windows),1
\"\UTF-8"\);\,1
(true),1
\m_platformURL,\,1
super.getHeight();,1
msgs);,1
feed.m_url,1
\Logger.getLogger("\RssFeed"\);\,1
ititem.m_author;,1
<br/>,1
Slighty,1
\Logger.getLogger("\LineByLineParser"\);\,1
respCode);},1
app,1
(!feedEq,1
}//doCleanup,1
Paste,1
such,1
\char,\,1
particular,1
m_unreadHeaderTestList,1
\logger.severe("\initEntVals"\,\,1
versa,1
correctly,1
(use,1
important,1
(position,1
getMidlet(),1
feed.m_link;,1
\m_appSettings,\,1
unicode,1
\logger.severe("\Internal\,1
\{logger.finest("\checkNameSpaces[1]="\\,1
\{logger.finest("\image="\\,1
HelpForm.java,1
thus,1
FormHandler),1
bout.toByteArray().length);},1
\logger.finest("\storeString="\\,1
Pinali,1
fontSize,1
\"\:"\;\,1
subElem);},1
\UiUtil.getCmdRsc("\cmd.dbl"\,\,1
text.length());},1
(m_itunes,1
m_bmURL);,1
\{logger.finer("\Url\,1
m_fileURL,1
\System.out.println("\showLoadingFormRsc\,1
ititem,1
fileSelectorView.setViewParent(this);,1
udate,1
aY),1
\aX,\,1
(m_explicit,1
=====,1
RssFormatParser.java,1
anIn,1
23:18:49,1
checkNameSpaces[2]);}},1
\System.out.println("\set\,1
\recreate."\);}\,1
selectedFile:,1
backFrItemForm(),1
(description.length(),1
\{logger.finest("\getPrefContentWidth,width="\\,1
\item.m_link,this="\\,1
\"\title:"\,\,1
PromptForm(,1
colors,1
aFG,1
hidden,1
(m_testNews),1
\color,\,1
//DataInputStream,1
aBG,1
\System.out.println("\TestingForm\,1
\key="\\,1
entValues.length);,1
HTMLAutoLinkParser.java,1
RssFeedParser.java,1
bookmarks.append(rss1.getStoreString(true));,1
logger.getParent().getHandlers().elements();,1
KFileSelectorMgr();,1
ways,1
\code="\\,1
PromptList.java,1
Byte,1
reached,1
destroyed,1
super.notifyDestroyed();,1
Sony,1
\System.out.println("\region="\\,1
RssShortItem.java,1
\System.out.println("\Error\,1
handled,1
this)),1
\logger.severe("\Sort\,1
usage,1
\System.out.println("\BMForm\,1
\"\Could\,1
m_properties;,1
(m_isoCommonEntities);,1
getSize(Enumeration),1
\{logger.finest("\useActions,hact.size()="\\,1
flen,1
}//openSelected,1
excludes,1
\updated,\,1
FileSelectorFactory,1
m_headerFound),1
different,1
\inert,\,1
Always,1
limit,1
retrieving,1
m_docEncoding);},1
\logger.severe("\initAlphaCp1252"\,\,1
\Sometimes,\,1
\aTitle,\,1
m_headerIndex++;,1
fitems[ic],1
Commands,1
m_encoded);},1
http://www.skweezer.com/s.aspx?q=http%3A%2F%2Fsourceforge.net,1
PromptMgr.java,1
KFileSelectorKicker(KFileSelectorImpl,1
\logger.finest("\key,commandType,priority="\\,1
cproperties,1
settings..,1
Removed,1
isn't,1
\logger.finest("\prologueFound="\\,1
(msgs,1
uee);,1
finestLoggable;,1
algorithm,1
feed.getName();,1
selectedIndex);,1
unexplained,1
m_testEncCmd;,1
ignored,1
type);,1
\{logger.fine("\m_docEncoding="\\,1
\{m_logger.fine("\redirect\,1
Unrecoverable,1
itunesEnabled},1
aMidlet),1
(saveHdr,1
\Logger.getLogger("\StringUtil"\);\,1
(duration.length(),1
look,1
\Common.debug("\Key:\,1
\Logger.getLogger("\HTMLAutoLinkParser"\);\,1
boolean[],1
\finished."\);\,1
((m_explicit,1
anything,1
this.m_encodeTime,1
\(selectedFile.indexOf("\png"\)\,1
\save."\,\,1
listOfDirs.nextElement();,1
\System.out.println("\\,1
\small,\,1
(filePatterns,1
m_curRssParser.getRssFeed(),1
invalidData.setTimeout(Alert.FOREVER);,1
setMidlet(MIDlet,1
represented,1
java.io.Reader#markSupported(),1
Order,1
ImportFeedsForm.java,1
20:25:20,1
pageMgr.hideNotify();,1
HTMLParser,1
m_testNewsCmd,1
plainText);},1
http://www.google.com/gwt/n?u=http%3A%2F%2Fsourceforge.net,1
catch(OutOfMemoryError,1
(Enumeration,1
initialize,1
\line,\,1
delItems(javax.microedition.lcdui.Form,1
line;,1
(nodes[startIndex,1
m_testBMCmd;,1
<a>,1
\anymore,\,1
\{logger.finer("\Link:\,1
fileRtnForm,1
no-op,1
fonts,1
image:,1
LCD-screen,1
this.m_joinTime,1
(m_isoSpecialEntities);,1
reused,1
doLaunchSelector(RssReaderMIDlet,1
(selectedFile.equals(UP_DIR)),1
((rootName,1
\Integer.toHexString(cvalue[0]),\,1
lines,1
feedEq2;,1
\logger.severe("\initWinEncoding()\,1
itext);},1
store2.equals(store2b);,1
06:07:24,1
(byte)-1;,1
\started."\);\,1
feed.getExplicit()));,1
hosed,1
\Date(Long.parseLong(fdateString,\,1
\i,line="\\,1
Form(super.getAppProperty(,1
(m_newsLen,1
\UiUtil.getCmdRsc("\cmd.im.cfd"\,\,1
m_appSettings.setLogLevel(,1
\System.out.println("\KFileSelectorImpl\,1
\System.out.println("\loadRoots..."\);\,1
\fdate,\,1
\{logger.fine("\m_utf="\\,1
\feed.m_language,this="\\,1
parameter,1
javax.microedition.io.*;,1
Holds,1
Utilities,1
\System.out.println("\Sort\,1
DIAERESIS,1
Textinput,1
bDebug,1
things,1
\changed,\,1
\System.out.println("\Parsing\,1
aResKey,1
fdate;,1
{},1
changed:,1
lo0;,1
logger.getParent().setLevel(Level.parse(logLevel));,1
images,1
ws,1
\y,\,1
\System.out.println("\displayAllRoots..."\);\,1
ititem.m_subtitle;,1
wa,1
\pageMgr.paint(g,\,1
\x,\,1
PromptForm,1
super.getString(selectedIndex);,1
nodes[TITLE];,1
\music,\,1
unmatched,1
(m_encodeTime);,1
Web,1
fileDataBlock.length,1
this.filePatterns,1
\{logger.fine("\Settings\,1
ri,1
Finished,1
(m_hasItunes),1
\((selectedFile.indexOf("\jpg"\)\,1
\feedDate.toString(),\,1
((Form)disp).getTitle();,1
currentRoot.openDataInputStream();,1
internalAlert,1
\{m_logger.finest("\selectedImportType="\\,1
\{logger.fine("\MFS\,1
hideNotify(),1
HtmlView,1
my,1
securityAlert,1
bookmarks);,1
lo,1
base?),1
fileURL),1
configured,1
showUnread,1
\add,\,1
fileURL;,1
io,1
//reset,1
\System.out.println("\selectedURL:\,1
currentRoot.setFileConnection(UP_DIR);,1
si.getTitle());},1
hi,1
purl);},1
\i,\,1
\feed.m_author,this="\\,1
locale,1
\m_bookmarkLastIndex,\,1
Mobilizer,1
PageCanvas,1
FOLDER_IMAGE;,1
g),1
PageCanvas(String,1
entites,1
dc,1
db,1
\m_loadForm.appendMsg("\joinTime="\\,1
Logger.getLogger(this.getClass().getName());,1
(m_fc,1
02110-1301,1
selectedFile.endsWith(FILE_SEPARATOR),1
\"\kb"\);\,1
\failed."\,\,1
d),1
bj,1
XSL,1
screen.getContent(i));},1
(ohandler,1
OpmlParser,1
\c,\,1
isConvWinUni(),1
indexed,1
\securityAlert,\,1
m_appSettings.getPageEnabled();,1
\"\duplicate\,1
\logger.finest("\hk="\\,1
\m_title.replace(CONE,\,1
constants,1
currentRoot.getURL(),1
RssFeedStore.java,1
Nov,1
item.getDuration();,1
underlined,1
Skip,1
\r,1
viewParent.addDeferredAction(runny);,1
selectedIndex:,1
\Level"\,\,1
(RssItunesItem)item;,1
\1,1
UPDIR_IMAGE;,1
m_getImportForm,1
equals,1
Logger.getLogger(,1
paint(Graphics,1
line-by-line,1
\System.out.println("\new\,1
\feed.m_category,this="\\,1
item.m_author,1
\subElem.equals("\duration"\)\,1
changing,1
<title>,1
rsi.getEncodeTime();,1
SettingsForm,1
\System.out.println("\displayCurrentRoot..."\);\,1
//display,1
\System.out.println("\numRecs="\\,1
Or,1
Op,1
\duration,\,1
\logger.severe("\initUniWinConvx80"\,\,1
currentRoot.list();,1
\thread."\);\,1
feed2;,1
OP,1
getAppProperty,1
OK,1
this.m_description;,1
this.iconDir,1
\System.out.println("\Child\,1
HORIZONTAL,1
m_fc.openInputStream();,1
joinStr,1
\{logger.finest("\cmd,containsKey="\\,1
\{logger.finer("\m_redirectUrl="\\,1
duration;,1
\{logger.finest("\m_contentNamespace,m_contentNamespace="\\,1
MODIFIER,1
destroyApp(true);,1
It,1
m_midlet.backFrItemForm();,1
listener,1
Thread.sleep(500L);,1
\title="\Name"\/&gt;\,1
this.parent,1
around,1
workaround,1
ascii,1
unmark,1
\System.out.println("\store2b=\n"\\,1
m_desc);},1
data.length);},1
increments,1
EN,1
EM,1
(itemSelected),1
m_clearDebugCmd;,1
\"\loading..."\\,1
\"\m_midpIso="\\,1
\logger.info("\RecordStore.listRecordStores()\,1
disp);},1
itemRtnForm,1
peculiarities,1
\item.m_duration,this="\\,1
feeds/bookmarks,1
CauseRecStoreException.java,1
(m_convIso88591);,1
PER,1
unsupported,1
feed.m_link,1
rootChanged(int,1
screens,1
midlet.setCurrentItem(,1
(fdateString.length(),1
HeaderList,1
Element,1
aCmd);,1
\="\\,1
screen),1
newUrl);,1
\{logger.fine("\disp,cmd="\\,1
gives,1
protocol,1
choices,1
7;,1
RssFeed.java,1
6;,1
6:,1
m_itunesNamespace.length();,1
\explicit,\,1
Future,1
m_parsingThread);},1
settings.setLogLevel(,1
51,1
4K,1
repeated,1
resetRoots(),1
collector,1
getEncodeTime(),1
\logger.warning("\parseDcDate\,1
getBookmarkIndex(),1
origCmd.getLabel(),1
\(System.getProperty("\file.separator"\)!=null)\,1
23,1
2),1
\endian,\,1
Romain,1
19,1
title/list,1
\Common.debug("\readCurr\,1
keyRepeated(int,1
\Logger.getLogger("\EncodingStreamReader"\);\,1
midlet.setCurrent(,1
\logger.severe("\initWinIsoConv"\,\,1
LineByLineParser.java,1
\"\Choose\,1
09,1
selection),1
openCommand,1
m_currentElementContainsText);,1
\example,\,1
\System.out.println("\dbgMsg:\,1
java.io.Reader#ready(),1
objects,1
Folder,1
pheight);},1
\"\initConvWinUni()="\\,1
->,1
-3,1
-1,1
--,1
longer,1
openSelected(),1
\same,\,1
\Common.debug("\Page.readCurr()\,1
lngValues[indexes[ic]);,1
Important,1
}//getFileData,1
ioEx:,1
toFeed.m_summary,1
\{logger.fine("\hasIso8859Encoding="\\,1
getInstance(,1
\System.out.println("\root:\,1
aTarget;,1
re-started,1
aTarget),1
)),1
(;,1
separately,1
\logger.severe("\getAttributeValue\,1
Help,1
better,1
\("\\,1
t.getClass().getName(),1
InputConnection,1
(Req)est,1
requires,1
bookmarks.length());},1
layout,1
createImage:,1
aForm.size();,1
Integer.toString(data.length)));,1
weed,1
week,1
\UiUtil.getCmdRsc("\cmd.q.del"\,\,1
(MIDP,1
bubble-sort,1
comments,1
\failed"\,\,1
(super.size(),1
Platform,1
logger.warning(,1
\#rollFw(String,\,1
retry,1
fileRtnForm;,1
\fileRtnForm,\,1
LINK].length(),1
feeds:,1
\UTF-8,\,1
UTF-8),1
getFileName();,1
command's,1
accesses,1
\CommandListener,\,1
\Logger.getLogger("\ExtParser"\);\,1
m_itunesEnabled,1
\logger.severe("\scrollThread\,1
beginMe));},1
storeDate);,1
m_appSettings.getHtmlEnabled();,1
\{logger.finer("\No\,1
\backward,\,1
\{m_logger.finest("\fillVectors\,1
name);,1
FeedListParser,1
(namespaces),1
m_duration).length(),1
if(itemDate==null),1
m_modUTF16,1
\e.getMessage(),\,1
Unable,1
(m_convWinUni);,1
Auto,1
\database,\,1
m_curBookmark;,1
item.m_desc,1
cat),1
r,1
o,1
\System.out.println("\doLaunchSelector..."\);\,1
f,1
e,1
(!currentFile.endsWith(FILE_SEPARATOR),1
\createImage("\/icons/(image)"\)\,1
\iTunesCapable,\,1
Y,1
m_testNewsCmd),1
everything,1
N,1
m_testNewsCmd;,1
(language.length(),1
F,1
Quick,1
\System.out.println("\...getThumbnail"\);\,1
Date(ldates[indexes[ic]]),1
\"\image/bmp"\;\,1
\{logger.finest("\adding\,1
Pause,1
//there's,1
servers,1
8,1
7,1
6,1
5,1
\encoding.,\,1
\open."\,\,1
CompatibilityRssFeed1(rss);,1
\Logger.getLogger("\FeedListParser"\);\,1
decoded,1
/,1
(!m_midlet.JSR75_ENABLED),1
\,\,1
\read???"\);\,1
aGauge,1
\System.out.println("\cmd\,1
(,1
javax.microedition.lcdui.Alert;,1
m_logLevelField;,1
\{m_logger.finest("\UTF-8="\\,1
caller,1
Level,1
StringUtil.removeHtml(m_author);,1
roots.nextElement();,1
